benchmark_id,scenario,state_access_profile,profile_id,expected_success,call_succeeded,scenario_status_ok,harness_call_gas,internal_create_gas,return_hash,observer_hash,log_hash
amm_pair_subset,burn,mixed,solar-gas-200,True,True,True,3319,245591,0xba2552a06622d72adbb990758448f4d332c8ac9749006e3b000aeebd8cb63e60,0xf7a4eedcf9e2a9e9df09f9d4aa057d6b35d1d3e612e04af9ddda88cd8c00cd66,0x0000000000000000000000000000000000000000000000000000000000000000
amm_pair_subset,burn,mixed,solar-size-1,True,True,True,3366,235577,0xba2552a06622d72adbb990758448f4d332c8ac9749006e3b000aeebd8cb63e60,0xf7a4eedcf9e2a9e9df09f9d4aa057d6b35d1d3e612e04af9ddda88cd8c00cd66,0x0000000000000000000000000000000000000000000000000000000000000000
amm_pair_subset,burn,mixed,solc-0.8.36-legacy-200,True,True,True,4219,305284,0xba2552a06622d72adbb990758448f4d332c8ac9749006e3b000aeebd8cb63e60,0xf7a4eedcf9e2a9e9df09f9d4aa057d6b35d1d3e612e04af9ddda88cd8c00cd66,0x0000000000000000000000000000000000000000000000000000000000000000
amm_pair_subset,burn,mixed,solc-0.8.36-viair-200,True,True,True,3452,267244,0xba2552a06622d72adbb990758448f4d332c8ac9749006e3b000aeebd8cb63e60,0xf7a4eedcf9e2a9e9df09f9d4aa057d6b35d1d3e612e04af9ddda88cd8c00cd66,0x0000000000000000000000000000000000000000000000000000000000000000
amm_pair_subset,mint,cold,solar-gas-200,True,True,True,68732,245591,0x975c2ff2d88bb33eba87988c482ba1a11cee273451aa76eb28acc668585ac527,0xc451fb485914d752b0d7ca91cdd00cb82f05b6e223580e2b954dcf14da6c9442,0x0000000000000000000000000000000000000000000000000000000000000000
amm_pair_subset,mint,cold,solar-size-1,True,True,True,68744,235577,0x975c2ff2d88bb33eba87988c482ba1a11cee273451aa76eb28acc668585ac527,0xc451fb485914d752b0d7ca91cdd00cb82f05b6e223580e2b954dcf14da6c9442,0x0000000000000000000000000000000000000000000000000000000000000000
amm_pair_subset,mint,cold,solc-0.8.36-legacy-200,True,True,True,69151,305284,0x975c2ff2d88bb33eba87988c482ba1a11cee273451aa76eb28acc668585ac527,0xc451fb485914d752b0d7ca91cdd00cb82f05b6e223580e2b954dcf14da6c9442,0x0000000000000000000000000000000000000000000000000000000000000000
amm_pair_subset,mint,cold,solc-0.8.36-viair-200,True,True,True,68920,267244,0x975c2ff2d88bb33eba87988c482ba1a11cee273451aa76eb28acc668585ac527,0xc451fb485914d752b0d7ca91cdd00cb82f05b6e223580e2b954dcf14da6c9442,0x0000000000000000000000000000000000000000000000000000000000000000
amm_pair_subset,swap,mixed,solar-gas-200,True,True,True,3179,245591,0xb10e2d527612073b26eecdfd717e6a320cf44b4afac2b0732d9fcbe2b7fa0cf6,0x7f303125daad806b1f3bed21c86e69b92e26a155567ef41bad2d67f45d201721,0x0000000000000000000000000000000000000000000000000000000000000000
amm_pair_subset,swap,mixed,solar-size-1,True,True,True,3322,235577,0xb10e2d527612073b26eecdfd717e6a320cf44b4afac2b0732d9fcbe2b7fa0cf6,0x7f303125daad806b1f3bed21c86e69b92e26a155567ef41bad2d67f45d201721,0x0000000000000000000000000000000000000000000000000000000000000000
amm_pair_subset,swap,mixed,solc-0.8.36-legacy-200,True,True,True,3773,305284,0xb10e2d527612073b26eecdfd717e6a320cf44b4afac2b0732d9fcbe2b7fa0cf6,0x7f303125daad806b1f3bed21c86e69b92e26a155567ef41bad2d67f45d201721,0x0000000000000000000000000000000000000000000000000000000000000000
amm_pair_subset,swap,mixed,solc-0.8.36-viair-200,True,True,True,3502,267244,0xb10e2d527612073b26eecdfd717e6a320cf44b4afac2b0732d9fcbe2b7fa0cf6,0x7f303125daad806b1f3bed21c86e69b92e26a155567ef41bad2d67f45d201721,0x0000000000000000000000000000000000000000000000000000000000000000
amm_pair_subset,sync,warm,solar-gas-200,True,True,True,41954,245591,0xb10e2d527612073b26eecdfd717e6a320cf44b4afac2b0732d9fcbe2b7fa0cf6,0x2588b6fc3697e03de4994f904a76baf16d8ba5b56c4c93a35bbbede21af334ed,0x0000000000000000000000000000000000000000000000000000000000000000
amm_pair_subset,sync,warm,solar-size-1,True,True,True,42077,235577,0xb10e2d527612073b26eecdfd717e6a320cf44b4afac2b0732d9fcbe2b7fa0cf6,0x2588b6fc3697e03de4994f904a76baf16d8ba5b56c4c93a35bbbede21af334ed,0x0000000000000000000000000000000000000000000000000000000000000000
amm_pair_subset,sync,warm,solc-0.8.36-legacy-200,True,True,True,42138,305284,0xb10e2d527612073b26eecdfd717e6a320cf44b4afac2b0732d9fcbe2b7fa0cf6,0x2588b6fc3697e03de4994f904a76baf16d8ba5b56c4c93a35bbbede21af334ed,0x0000000000000000000000000000000000000000000000000000000000000000
amm_pair_subset,sync,warm,solc-0.8.36-viair-200,True,True,True,42068,267244,0xb10e2d527612073b26eecdfd717e6a320cf44b4afac2b0732d9fcbe2b7fa0cf6,0x2588b6fc3697e03de4994f904a76baf16d8ba5b56c4c93a35bbbede21af334ed,0x0000000000000000000000000000000000000000000000000000000000000000
counter,add_value_five,warm,solar-gas-200,True,True,True,923,78955,0xf3f7a9fe364faab93b216da50a3214154f22a0a2b415b23a84c8169e8b636ee3,0x6748c6dc3bf38acc4a83bd6ccf160947c6c2bf6df978006d4ecef96e54c72994,0x0000000000000000000000000000000000000000000000000000000000000000
counter,add_value_five,warm,solar-size-1,True,True,True,923,78955,0xf3f7a9fe364faab93b216da50a3214154f22a0a2b415b23a84c8169e8b636ee3,0x6748c6dc3bf38acc4a83bd6ccf160947c6c2bf6df978006d4ecef96e54c72994,0x0000000000000000000000000000000000000000000000000000000000000000
counter,add_value_five,warm,solc-0.8.36-legacy-200,True,True,True,1126,102442,0xf3f7a9fe364faab93b216da50a3214154f22a0a2b415b23a84c8169e8b636ee3,0x6748c6dc3bf38acc4a83bd6ccf160947c6c2bf6df978006d4ecef96e54c72994,0x0000000000000000000000000000000000000000000000000000000000000000
counter,add_value_five,warm,solc-0.8.36-viair-200,True,True,True,870,99059,0xf3f7a9fe364faab93b216da50a3214154f22a0a2b415b23a84c8169e8b636ee3,0x6748c6dc3bf38acc4a83bd6ccf160947c6c2bf6df978006d4ecef96e54c72994,0x0000000000000000000000000000000000000000000000000000000000000000
counter,increment,cold,solar-gas-200,True,True,True,909,78955,0x8a35acfbc15ff81a39ae7d344fd709f28e8600b4aa8c65c6b64bfe7fe36bd19b,0x0454a7c114143cf11fcb196b6997f4a0d00afd7e87b66d86ccf0d06a2250b215,0x0000000000000000000000000000000000000000000000000000000000000000
counter,increment,cold,solar-size-1,True,True,True,909,78955,0x8a35acfbc15ff81a39ae7d344fd709f28e8600b4aa8c65c6b64bfe7fe36bd19b,0x0454a7c114143cf11fcb196b6997f4a0d00afd7e87b66d86ccf0d06a2250b215,0x0000000000000000000000000000000000000000000000000000000000000000
counter,increment,cold,solc-0.8.36-legacy-200,True,True,True,1070,102442,0x8a35acfbc15ff81a39ae7d344fd709f28e8600b4aa8c65c6b64bfe7fe36bd19b,0x0454a7c114143cf11fcb196b6997f4a0d00afd7e87b66d86ccf0d06a2250b215,0x0000000000000000000000000000000000000000000000000000000000000000
counter,increment,cold,solc-0.8.36-viair-200,True,True,True,888,99059,0x8a35acfbc15ff81a39ae7d344fd709f28e8600b4aa8c65c6b64bfe7fe36bd19b,0x0454a7c114143cf11fcb196b6997f4a0d00afd7e87b66d86ccf0d06a2250b215,0x0000000000000000000000000000000000000000000000000000000000000000
counter,read_initial,cold,solar-gas-200,True,True,True,628,78955,0xc2575a0e9e593c00f959f8c92f12db2869c3395a3b0502d05e2516446f71f85b,0x191ff39456ff7cc9abe1b9e386eb9f69c43a1e8bb616d69451535cfc2ea0b4db,0x0000000000000000000000000000000000000000000000000000000000000000
counter,read_initial,cold,solar-size-1,True,True,True,628,78955,0xc2575a0e9e593c00f959f8c92f12db2869c3395a3b0502d05e2516446f71f85b,0x191ff39456ff7cc9abe1b9e386eb9f69c43a1e8bb616d69451535cfc2ea0b4db,0x0000000000000000000000000000000000000000000000000000000000000000
counter,read_initial,cold,solc-0.8.36-legacy-200,True,True,True,709,102442,0xc2575a0e9e593c00f959f8c92f12db2869c3395a3b0502d05e2516446f71f85b,0x191ff39456ff7cc9abe1b9e386eb9f69c43a1e8bb616d69451535cfc2ea0b4db,0x0000000000000000000000000000000000000000000000000000000000000000
counter,read_initial,cold,solc-0.8.36-viair-200,True,True,True,697,99059,0xc2575a0e9e593c00f959f8c92f12db2869c3395a3b0502d05e2516446f71f85b,0x191ff39456ff7cc9abe1b9e386eb9f69c43a1e8bb616d69451535cfc2ea0b4db,0x0000000000000000000000000000000000000000000000000000000000000000
counter,reset,mixed,solar-gas-200,True,True,True,810,78955,0x290decd9548b62a8d60345a988386fc84ba6bc95484008f6362f93160ef3e563,0x14d1565e4ab56f22d4f1ea0ef735a6057623e3287b37b333b459d4d319835e8f,0x0000000000000000000000000000000000000000000000000000000000000000
counter,reset,mixed,solar-size-1,True,True,True,810,78955,0x290decd9548b62a8d60345a988386fc84ba6bc95484008f6362f93160ef3e563,0x14d1565e4ab56f22d4f1ea0ef735a6057623e3287b37b333b459d4d319835e8f,0x0000000000000000000000000000000000000000000000000000000000000000
counter,reset,mixed,solc-0.8.36-legacy-200,True,True,True,779,102442,0x290decd9548b62a8d60345a988386fc84ba6bc95484008f6362f93160ef3e563,0x14d1565e4ab56f22d4f1ea0ef735a6057623e3287b37b333b459d4d319835e8f,0x0000000000000000000000000000000000000000000000000000000000000000
counter,reset,mixed,solc-0.8.36-viair-200,True,True,True,771,99059,0x290decd9548b62a8d60345a988386fc84ba6bc95484008f6362f93160ef3e563,0x14d1565e4ab56f22d4f1ea0ef735a6057623e3287b37b333b459d4d319835e8f,0x0000000000000000000000000000000000000000000000000000000000000000
create2_address_hashing,init_code_hash,cold,solar-gas-200,True,True,True,656,94799,0x607bca8f7c1c56da874da29cd62c3769b9880d38a258a91fc6dd1cfb6b4d1a8e,0x0000000000000000000000000000000000000000000000000000000000000000,0x0000000000000000000000000000000000000000000000000000000000000000
create2_address_hashing,init_code_hash,cold,solar-size-1,True,True,True,656,94799,0x607bca8f7c1c56da874da29cd62c3769b9880d38a258a91fc6dd1cfb6b4d1a8e,0x0000000000000000000000000000000000000000000000000000000000000000,0x0000000000000000000000000000000000000000000000000000000000000000
create2_address_hashing,init_code_hash,cold,solc-0.8.36-legacy-200,True,True,True,860,141468,0x607bca8f7c1c56da874da29cd62c3769b9880d38a258a91fc6dd1cfb6b4d1a8e,0x0000000000000000000000000000000000000000000000000000000000000000,0x0000000000000000000000000000000000000000000000000000000000000000
create2_address_hashing,init_code_hash,cold,solc-0.8.36-viair-200,True,True,True,851,128065,0x607bca8f7c1c56da874da29cd62c3769b9880d38a258a91fc6dd1cfb6b4d1a8e,0x0000000000000000000000000000000000000000000000000000000000000000,0x0000000000000000000000000000000000000000000000000000000000000000
create2_address_hashing,read_value,mixed,solar-gas-200,True,True,True,779,94799,0xa66cc928b5edb82af9bd49922954155ab7b0942694bea4ce44661d9a8736c688,0x4517d756f66cbdda0c92cf2b3e4d90c86ed453945473d7197962f3ddf238ce03,0x0000000000000000000000000000000000000000000000000000000000000000
create2_address_hashing,read_value,mixed,solar-size-1,True,True,True,779,94799,0xa66cc928b5edb82af9bd49922954155ab7b0942694bea4ce44661d9a8736c688,0x4517d756f66cbdda0c92cf2b3e4d90c86ed453945473d7197962f3ddf238ce03,0x0000000000000000000000000000000000000000000000000000000000000000
create2_address_hashing,read_value,mixed,solc-0.8.36-legacy-200,True,True,True,921,141468,0xa66cc928b5edb82af9bd49922954155ab7b0942694bea4ce44661d9a8736c688,0x4517d756f66cbdda0c92cf2b3e4d90c86ed453945473d7197962f3ddf238ce03,0x0000000000000000000000000000000000000000000000000000000000000000
create2_address_hashing,read_value,mixed,solc-0.8.36-viair-200,True,True,True,826,128065,0xa66cc928b5edb82af9bd49922954155ab7b0942694bea4ce44661d9a8736c688,0x4517d756f66cbdda0c92cf2b3e4d90c86ed453945473d7197962f3ddf238ce03,0x0000000000000000000000000000000000000000000000000000000000000000
create2_address_hashing,record_value,warm,solar-gas-200,True,True,True,22658,94799,0xa66cc928b5edb82af9bd49922954155ab7b0942694bea4ce44661d9a8736c688,0x4517d756f66cbdda0c92cf2b3e4d90c86ed453945473d7197962f3ddf238ce03,0x0000000000000000000000000000000000000000000000000000000000000000
create2_address_hashing,record_value,warm,solar-size-1,True,True,True,22658,94799,0xa66cc928b5edb82af9bd49922954155ab7b0942694bea4ce44661d9a8736c688,0x4517d756f66cbdda0c92cf2b3e4d90c86ed453945473d7197962f3ddf238ce03,0x0000000000000000000000000000000000000000000000000000000000000000
create2_address_hashing,record_value,warm,solc-0.8.36-legacy-200,True,True,True,23005,141468,0xa66cc928b5edb82af9bd49922954155ab7b0942694bea4ce44661d9a8736c688,0x4517d756f66cbdda0c92cf2b3e4d90c86ed453945473d7197962f3ddf238ce03,0x0000000000000000000000000000000000000000000000000000000000000000
create2_address_hashing,record_value,warm,solc-0.8.36-viair-200,True,True,True,22924,128065,0xa66cc928b5edb82af9bd49922954155ab7b0942694bea4ce44661d9a8736c688,0x4517d756f66cbdda0c92cf2b3e4d90c86ed453945473d7197962f3ddf238ce03,0x0000000000000000000000000000000000000000000000000000000000000000
curve_stableswap_2coin,add_imbalanced_liquidity,mixed,solar-gas-200,True,True,True,108438,4877766,0xe1540f47bd6ccfb83f65ee1567b1691a49bbd042dcc71009722e75f0bdc29192,0xfde1ef9472d3e16792a709e3d989286ee2ce5a1ef507b6cc15dbd51fb4062874,0xe2e340f8c3ac215bb50c5ab183480cc624489cf4322e0dc4993da107f81871ee
curve_stableswap_2coin,add_imbalanced_liquidity,mixed,solar-size-1,True,True,True,114120,5045146,0xe1540f47bd6ccfb83f65ee1567b1691a49bbd042dcc71009722e75f0bdc29192,0xfde1ef9472d3e16792a709e3d989286ee2ce5a1ef507b6cc15dbd51fb4062874,0xe2e340f8c3ac215bb50c5ab183480cc624489cf4322e0dc4993da107f81871ee
curve_stableswap_2coin,add_imbalanced_liquidity,mixed,solc-0.8.36-legacy-200,True,True,True,110184,5674092,0xe1540f47bd6ccfb83f65ee1567b1691a49bbd042dcc71009722e75f0bdc29192,0xfde1ef9472d3e16792a709e3d989286ee2ce5a1ef507b6cc15dbd51fb4062874,0xe2e340f8c3ac215bb50c5ab183480cc624489cf4322e0dc4993da107f81871ee
curve_stableswap_2coin,add_imbalanced_liquidity,mixed,solc-0.8.36-viair-200,True,True,True,113869,4610810,0xe1540f47bd6ccfb83f65ee1567b1691a49bbd042dcc71009722e75f0bdc29192,0xfde1ef9472d3e16792a709e3d989286ee2ce5a1ef507b6cc15dbd51fb4062874,0xe2e340f8c3ac215bb50c5ab183480cc624489cf4322e0dc4993da107f81871ee
curve_stableswap_2coin,add_imbalanced_liquidity_eight_coin,mixed,solar-gas-200,True,True,True,321408,5374914,0xc10baccf42d0d135bc360632634cb423432074b6b2b17d2755f83e72cdbcfed6,0x9eea994c79add82114237b70778d482d81b607787233403612dac1c8903b121b,0x28a1731d3c9998345b60bc67f2995044495cb4aa93cd32a477d297c29ce99630
curve_stableswap_2coin,add_imbalanced_liquidity_eight_coin,mixed,solar-size-1,True,True,True,336124,5539846,0xc10baccf42d0d135bc360632634cb423432074b6b2b17d2755f83e72cdbcfed6,0x9eea994c79add82114237b70778d482d81b607787233403612dac1c8903b121b,0x28a1731d3c9998345b60bc67f2995044495cb4aa93cd32a477d297c29ce99630
curve_stableswap_2coin,add_imbalanced_liquidity_eight_coin,mixed,solc-0.8.36-legacy-200,True,True,True,323763,6162480,0xc10baccf42d0d135bc360632634cb423432074b6b2b17d2755f83e72cdbcfed6,0x9eea994c79add82114237b70778d482d81b607787233403612dac1c8903b121b,0x28a1731d3c9998345b60bc67f2995044495cb4aa93cd32a477d297c29ce99630
curve_stableswap_2coin,add_imbalanced_liquidity_eight_coin,mixed,solc-0.8.36-viair-200,True,True,True,338808,5101053,0xc10baccf42d0d135bc360632634cb423432074b6b2b17d2755f83e72cdbcfed6,0x9eea994c79add82114237b70778d482d81b607787233403612dac1c8903b121b,0x28a1731d3c9998345b60bc67f2995044495cb4aa93cd32a477d297c29ce99630
curve_stableswap_2coin,add_initial_liquidity,cold,solar-gas-200,True,True,True,204756,4877766,0x6d50adddd4ac5a38bb984323ccae999ef3666db3ac703f5414a555deacddf660,0x90d7e3a93790945f0779002d1482231ec18871a609e51e1a843f60be6dcb4cc2,0xfd6ffdde55faf69fc41cab1b4e0d192f70b830184698574ed65a42c4940b6bb6
curve_stableswap_2coin,add_initial_liquidity,cold,solar-size-1,True,True,True,208081,5045146,0x6d50adddd4ac5a38bb984323ccae999ef3666db3ac703f5414a555deacddf660,0x90d7e3a93790945f0779002d1482231ec18871a609e51e1a843f60be6dcb4cc2,0xfd6ffdde55faf69fc41cab1b4e0d192f70b830184698574ed65a42c4940b6bb6
curve_stableswap_2coin,add_initial_liquidity,cold,solc-0.8.36-legacy-200,True,True,True,207256,5674092,0x6d50adddd4ac5a38bb984323ccae999ef3666db3ac703f5414a555deacddf660,0x90d7e3a93790945f0779002d1482231ec18871a609e51e1a843f60be6dcb4cc2,0xfd6ffdde55faf69fc41cab1b4e0d192f70b830184698574ed65a42c4940b6bb6
curve_stableswap_2coin,add_initial_liquidity,cold,solc-0.8.36-viair-200,True,True,True,209116,4610810,0x6d50adddd4ac5a38bb984323ccae999ef3666db3ac703f5414a555deacddf660,0x90d7e3a93790945f0779002d1482231ec18871a609e51e1a843f60be6dcb4cc2,0xfd6ffdde55faf69fc41cab1b4e0d192f70b830184698574ed65a42c4940b6bb6
curve_stableswap_2coin,add_initial_liquidity_after_donation,mixed,solar-gas-200,True,True,True,182855,4877766,0x1312d67175ae4cda865427ce08a5a9e39fe9a43b7ced627c385cee578933394f,0x1cd42961da0985632bea755a60e96af1991432aa90b85c674b4911c14dcfacef,0x5d9bdacbe9813f70dd70040dbeef9520423b1e0e193846df86a2f072c98441cb
curve_stableswap_2coin,add_initial_liquidity_after_donation,mixed,solar-size-1,True,True,True,186182,5045146,0x1312d67175ae4cda865427ce08a5a9e39fe9a43b7ced627c385cee578933394f,0x1cd42961da0985632bea755a60e96af1991432aa90b85c674b4911c14dcfacef,0x5d9bdacbe9813f70dd70040dbeef9520423b1e0e193846df86a2f072c98441cb
curve_stableswap_2coin,add_initial_liquidity_after_donation,mixed,solc-0.8.36-legacy-200,True,True,True,185356,5674092,0x1312d67175ae4cda865427ce08a5a9e39fe9a43b7ced627c385cee578933394f,0x1cd42961da0985632bea755a60e96af1991432aa90b85c674b4911c14dcfacef,0x5d9bdacbe9813f70dd70040dbeef9520423b1e0e193846df86a2f072c98441cb
curve_stableswap_2coin,add_initial_liquidity_after_donation,mixed,solc-0.8.36-viair-200,True,True,True,187216,4610810,0x1312d67175ae4cda865427ce08a5a9e39fe9a43b7ced627c385cee578933394f,0x1cd42961da0985632bea755a60e96af1991432aa90b85c674b4911c14dcfacef,0x5d9bdacbe9813f70dd70040dbeef9520423b1e0e193846df86a2f072c98441cb
curve_stableswap_2coin,add_initial_liquidity_three_coin,cold,solar-gas-200,True,True,True,256754,4960624,0x26b6cc58385df0a50eef6bfe69ac639e575d6e79606106dead333340d3668b89,0x9ee651866cd2e99e6c4e7cc0ca5806a26ddf9b5d7fbd7a80cf2f244de48a03c6,0x3378bb3a7d98a5ba6093130beb323d9cfb9ac4de2a2862f0be78e068aa441ceb
curve_stableswap_2coin,add_initial_liquidity_three_coin,cold,solar-size-1,True,True,True,260765,5127596,0x26b6cc58385df0a50eef6bfe69ac639e575d6e79606106dead333340d3668b89,0x9ee651866cd2e99e6c4e7cc0ca5806a26ddf9b5d7fbd7a80cf2f244de48a03c6,0x3378bb3a7d98a5ba6093130beb323d9cfb9ac4de2a2862f0be78e068aa441ceb
curve_stableswap_2coin,add_initial_liquidity_three_coin,cold,solc-0.8.36-legacy-200,True,True,True,260613,5755490,0x26b6cc58385df0a50eef6bfe69ac639e575d6e79606106dead333340d3668b89,0x9ee651866cd2e99e6c4e7cc0ca5806a26ddf9b5d7fbd7a80cf2f244de48a03c6,0x3378bb3a7d98a5ba6093130beb323d9cfb9ac4de2a2862f0be78e068aa441ceb
curve_stableswap_2coin,add_initial_liquidity_three_coin,cold,solc-0.8.36-viair-200,True,True,True,263010,4692513,0x26b6cc58385df0a50eef6bfe69ac639e575d6e79606106dead333340d3668b89,0x9ee651866cd2e99e6c4e7cc0ca5806a26ddf9b5d7fbd7a80cf2f244de48a03c6,0x3378bb3a7d98a5ba6093130beb323d9cfb9ac4de2a2862f0be78e068aa441ceb
curve_stableswap_2coin,add_liquidity_extra_amounts,mixed,solar-gas-200,True,True,True,205019,4877766,0x871805c0e1a557e2abc0e46c191527eacad600807f692d9fd010492c498c4cc2,0xadd6927b2077cd24a14e9dbd0c7d85c5651dba1488ff19f1f8fd5ec8743936dc,0x079451d17086f57b89196b4081b2c91a7dc95e0e966446394136aeaa68de2078
curve_stableswap_2coin,add_liquidity_extra_amounts,mixed,solar-size-1,True,True,True,208345,5045146,0x871805c0e1a557e2abc0e46c191527eacad600807f692d9fd010492c498c4cc2,0xadd6927b2077cd24a14e9dbd0c7d85c5651dba1488ff19f1f8fd5ec8743936dc,0x079451d17086f57b89196b4081b2c91a7dc95e0e966446394136aeaa68de2078
curve_stableswap_2coin,add_liquidity_extra_amounts,mixed,solc-0.8.36-legacy-200,True,True,True,207518,5674092,0x871805c0e1a557e2abc0e46c191527eacad600807f692d9fd010492c498c4cc2,0xadd6927b2077cd24a14e9dbd0c7d85c5651dba1488ff19f1f8fd5ec8743936dc,0x079451d17086f57b89196b4081b2c91a7dc95e0e966446394136aeaa68de2078
curve_stableswap_2coin,add_liquidity_extra_amounts,mixed,solc-0.8.36-viair-200,True,True,True,209380,4610810,0x871805c0e1a557e2abc0e46c191527eacad600807f692d9fd010492c498c4cc2,0xadd6927b2077cd24a14e9dbd0c7d85c5651dba1488ff19f1f8fd5ec8743936dc,0x079451d17086f57b89196b4081b2c91a7dc95e0e966446394136aeaa68de2078
curve_stableswap_2coin,add_liquidity_no_return_tokens,mixed,solar-gas-200,True,True,True,204462,4877766,0x871805c0e1a557e2abc0e46c191527eacad600807f692d9fd010492c498c4cc2,0xadd6927b2077cd24a14e9dbd0c7d85c5651dba1488ff19f1f8fd5ec8743936dc,0x68fe79796cf4b9d3afbd77eecd6d07c23dbbd90440c8ee4ee8d7184caba8f582
curve_stableswap_2coin,add_liquidity_no_return_tokens,mixed,solar-size-1,True,True,True,207788,5045146,0x871805c0e1a557e2abc0e46c191527eacad600807f692d9fd010492c498c4cc2,0xadd6927b2077cd24a14e9dbd0c7d85c5651dba1488ff19f1f8fd5ec8743936dc,0x68fe79796cf4b9d3afbd77eecd6d07c23dbbd90440c8ee4ee8d7184caba8f582
curve_stableswap_2coin,add_liquidity_no_return_tokens,mixed,solc-0.8.36-legacy-200,True,True,True,206687,5674092,0x871805c0e1a557e2abc0e46c191527eacad600807f692d9fd010492c498c4cc2,0xadd6927b2077cd24a14e9dbd0c7d85c5651dba1488ff19f1f8fd5ec8743936dc,0x68fe79796cf4b9d3afbd77eecd6d07c23dbbd90440c8ee4ee8d7184caba8f582
curve_stableswap_2coin,add_liquidity_no_return_tokens,mixed,solc-0.8.36-viair-200,True,True,True,208493,4610810,0x871805c0e1a557e2abc0e46c191527eacad600807f692d9fd010492c498c4cc2,0xadd6927b2077cd24a14e9dbd0c7d85c5651dba1488ff19f1f8fd5ec8743936dc,0x68fe79796cf4b9d3afbd77eecd6d07c23dbbd90440c8ee4ee8d7184caba8f582
curve_stableswap_2coin,calc_withdraw_one_coin,warm,solar-gas-200,True,True,True,20250,4877766,0x8f6ba229b05d6f5d6db61cb90ba0548ec41203fb0df8fb7fa9bc34f4c042de18,0x90d7e3a93790945f0779002d1482231ec18871a609e51e1a843f60be6dcb4cc2,0x0000000000000000000000000000000000000000000000000000000000000000
curve_stableswap_2coin,calc_withdraw_one_coin,warm,solar-size-1,True,True,True,22572,5045146,0x8f6ba229b05d6f5d6db61cb90ba0548ec41203fb0df8fb7fa9bc34f4c042de18,0x90d7e3a93790945f0779002d1482231ec18871a609e51e1a843f60be6dcb4cc2,0x0000000000000000000000000000000000000000000000000000000000000000
curve_stableswap_2coin,calc_withdraw_one_coin,warm,solc-0.8.36-legacy-200,True,True,True,23967,5674092,0x8f6ba229b05d6f5d6db61cb90ba0548ec41203fb0df8fb7fa9bc34f4c042de18,0x90d7e3a93790945f0779002d1482231ec18871a609e51e1a843f60be6dcb4cc2,0x0000000000000000000000000000000000000000000000000000000000000000
curve_stableswap_2coin,calc_withdraw_one_coin,warm,solc-0.8.36-viair-200,True,True,True,24178,4610810,0x8f6ba229b05d6f5d6db61cb90ba0548ec41203fb0df8fb7fa9bc34f4c042de18,0x90d7e3a93790945f0779002d1482231ec18871a609e51e1a843f60be6dcb4cc2,0x0000000000000000000000000000000000000000000000000000000000000000
curve_stableswap_2coin,d_oracle_after_time,warm,solar-gas-200,True,True,True,1946,4877766,0x9685a80f03935119685dfd4a1dad86375aebe0f757058e782cd2c9455694b11c,0x62e6ffbe45f5c732b8706011fcaad84b5ece3c1e41b0ba40a793484c662a5996,0x0000000000000000000000000000000000000000000000000000000000000000
curve_stableswap_2coin,d_oracle_after_time,warm,solar-size-1,True,True,True,2881,5045146,0x9685a80f03935119685dfd4a1dad86375aebe0f757058e782cd2c9455694b11c,0x62e6ffbe45f5c732b8706011fcaad84b5ece3c1e41b0ba40a793484c662a5996,0x0000000000000000000000000000000000000000000000000000000000000000
curve_stableswap_2coin,d_oracle_after_time,warm,solc-0.8.36-legacy-200,True,True,True,1995,5674092,0x9685a80f03935119685dfd4a1dad86375aebe0f757058e782cd2c9455694b11c,0x62e6ffbe45f5c732b8706011fcaad84b5ece3c1e41b0ba40a793484c662a5996,0x0000000000000000000000000000000000000000000000000000000000000000
curve_stableswap_2coin,d_oracle_after_time,warm,solc-0.8.36-viair-200,True,True,True,2551,4610810,0x9685a80f03935119685dfd4a1dad86375aebe0f757058e782cd2c9455694b11c,0x62e6ffbe45f5c732b8706011fcaad84b5ece3c1e41b0ba40a793484c662a5996,0x0000000000000000000000000000000000000000000000000000000000000000
curve_stableswap_2coin,erc4626_rate_exchange,mixed,solar-gas-200,True,True,True,76644,4941210,0x9bcc70e6f440219e9ffefb87c5af29ca2b98790169006a95979f6e13afaa9a32,0x5c49c181f89ecddbbda62a4ef08060d20024de6c71cf5f3267f83008965c045e,0xd6169220539a193c61a6e59cb259334597e6b2d2c7384c1b6cc5150156aff24a
curve_stableswap_2coin,erc4626_rate_exchange,mixed,solar-size-1,True,True,True,79962,5108621,0x9bcc70e6f440219e9ffefb87c5af29ca2b98790169006a95979f6e13afaa9a32,0x5c49c181f89ecddbbda62a4ef08060d20024de6c71cf5f3267f83008965c045e,0xd6169220539a193c61a6e59cb259334597e6b2d2c7384c1b6cc5150156aff24a
curve_stableswap_2coin,erc4626_rate_exchange,mixed,solc-0.8.36-legacy-200,True,True,True,79564,5737096,0x9bcc70e6f440219e9ffefb87c5af29ca2b98790169006a95979f6e13afaa9a32,0x5c49c181f89ecddbbda62a4ef08060d20024de6c71cf5f3267f83008965c045e,0xd6169220539a193c61a6e59cb259334597e6b2d2c7384c1b6cc5150156aff24a
curve_stableswap_2coin,erc4626_rate_exchange,mixed,solc-0.8.36-viair-200,True,True,True,80830,4673806,0x9bcc70e6f440219e9ffefb87c5af29ca2b98790169006a95979f6e13afaa9a32,0x5c49c181f89ecddbbda62a4ef08060d20024de6c71cf5f3267f83008965c045e,0xd6169220539a193c61a6e59cb259334597e6b2d2c7384c1b6cc5150156aff24a
curve_stableswap_2coin,exchange_0_to_1,mixed,solar-gas-200,True,True,True,73419,4877766,0xbb733033baf2b6a2d311f50b2f896c6893fc2f3cbc2952b23e056678a37e8ec3,0x592290835bf59f7ebcc542d3755f2967417e92c55ae1304a584f0af3bb6106e5,0xcd7d52e2869a6f2e244b5e80be68e64a7254e12a7ea5aebc1b2f686d7d0174a6
curve_stableswap_2coin,exchange_0_to_1,mixed,solar-size-1,True,True,True,76581,5045146,0xbb733033baf2b6a2d311f50b2f896c6893fc2f3cbc2952b23e056678a37e8ec3,0x592290835bf59f7ebcc542d3755f2967417e92c55ae1304a584f0af3bb6106e5,0xcd7d52e2869a6f2e244b5e80be68e64a7254e12a7ea5aebc1b2f686d7d0174a6
curve_stableswap_2coin,exchange_0_to_1,mixed,solc-0.8.36-legacy-200,True,True,True,76548,5674092,0xbb733033baf2b6a2d311f50b2f896c6893fc2f3cbc2952b23e056678a37e8ec3,0x592290835bf59f7ebcc542d3755f2967417e92c55ae1304a584f0af3bb6106e5,0xcd7d52e2869a6f2e244b5e80be68e64a7254e12a7ea5aebc1b2f686d7d0174a6
curve_stableswap_2coin,exchange_0_to_1,mixed,solc-0.8.36-viair-200,True,True,True,77707,4610810,0xbb733033baf2b6a2d311f50b2f896c6893fc2f3cbc2952b23e056678a37e8ec3,0x592290835bf59f7ebcc542d3755f2967417e92c55ae1304a584f0af3bb6106e5,0xcd7d52e2869a6f2e244b5e80be68e64a7254e12a7ea5aebc1b2f686d7d0174a6
curve_stableswap_2coin,exchange_1_to_0,mixed,solar-gas-200,True,True,True,73419,4877766,0xbb733033baf2b6a2d311f50b2f896c6893fc2f3cbc2952b23e056678a37e8ec3,0x9e0d894a246d53695f6f5012b37b3b06e292cedeacc24e725b1d349131016bf6,0xad8ee1ddd2463ccde0a11802b880493328f9b793ce928b1ee804a043a6822708
curve_stableswap_2coin,exchange_1_to_0,mixed,solar-size-1,True,True,True,76581,5045146,0xbb733033baf2b6a2d311f50b2f896c6893fc2f3cbc2952b23e056678a37e8ec3,0x9e0d894a246d53695f6f5012b37b3b06e292cedeacc24e725b1d349131016bf6,0xad8ee1ddd2463ccde0a11802b880493328f9b793ce928b1ee804a043a6822708
curve_stableswap_2coin,exchange_1_to_0,mixed,solc-0.8.36-legacy-200,True,True,True,76548,5674092,0xbb733033baf2b6a2d311f50b2f896c6893fc2f3cbc2952b23e056678a37e8ec3,0x9e0d894a246d53695f6f5012b37b3b06e292cedeacc24e725b1d349131016bf6,0xad8ee1ddd2463ccde0a11802b880493328f9b793ce928b1ee804a043a6822708
curve_stableswap_2coin,exchange_1_to_0,mixed,solc-0.8.36-viair-200,True,True,True,77707,4610810,0xbb733033baf2b6a2d311f50b2f896c6893fc2f3cbc2952b23e056678a37e8ec3,0x9e0d894a246d53695f6f5012b37b3b06e292cedeacc24e725b1d349131016bf6,0xad8ee1ddd2463ccde0a11802b880493328f9b793ce928b1ee804a043a6822708
curve_stableswap_2coin,exchange_eight_coin_interior,mixed,solar-gas-200,True,True,True,117682,5374914,0xbb733033baf2b6a2d311f50b2f896c6893fc2f3cbc2952b23e056678a37e8ec3,0x81c213b2927ecb1b6d7715ae05685dde7bbfe69d7d2b6897671699f2858673a7,0x0fd69c7c1a37ddedbe444acf72e2189e7d97a4691f34ca5026f6171879b80e78
curve_stableswap_2coin,exchange_eight_coin_interior,mixed,solar-size-1,True,True,True,124018,5539846,0xbb733033baf2b6a2d311f50b2f896c6893fc2f3cbc2952b23e056678a37e8ec3,0x81c213b2927ecb1b6d7715ae05685dde7bbfe69d7d2b6897671699f2858673a7,0x0fd69c7c1a37ddedbe444acf72e2189e7d97a4691f34ca5026f6171879b80e78
curve_stableswap_2coin,exchange_eight_coin_interior,mixed,solc-0.8.36-legacy-200,True,True,True,115646,6162480,0xbb733033baf2b6a2d311f50b2f896c6893fc2f3cbc2952b23e056678a37e8ec3,0x81c213b2927ecb1b6d7715ae05685dde7bbfe69d7d2b6897671699f2858673a7,0x0fd69c7c1a37ddedbe444acf72e2189e7d97a4691f34ca5026f6171879b80e78
curve_stableswap_2coin,exchange_eight_coin_interior,mixed,solc-0.8.36-viair-200,True,True,True,121831,5101053,0xbb733033baf2b6a2d311f50b2f896c6893fc2f3cbc2952b23e056678a37e8ec3,0x81c213b2927ecb1b6d7715ae05685dde7bbfe69d7d2b6897671699f2858673a7,0x0fd69c7c1a37ddedbe444acf72e2189e7d97a4691f34ca5026f6171879b80e78
curve_stableswap_2coin,exchange_received_0_to_1,mixed,solar-gas-200,True,True,True,68263,4877766,0xbb733033baf2b6a2d311f50b2f896c6893fc2f3cbc2952b23e056678a37e8ec3,0x592290835bf59f7ebcc542d3755f2967417e92c55ae1304a584f0af3bb6106e5,0x526201259a31b6d83bc0caefc76ca75b8bb3e83e64af7c354f2124d0c9aee23d
curve_stableswap_2coin,exchange_received_0_to_1,mixed,solar-size-1,True,True,True,70904,5045146,0xbb733033baf2b6a2d311f50b2f896c6893fc2f3cbc2952b23e056678a37e8ec3,0x592290835bf59f7ebcc542d3755f2967417e92c55ae1304a584f0af3bb6106e5,0x526201259a31b6d83bc0caefc76ca75b8bb3e83e64af7c354f2124d0c9aee23d
curve_stableswap_2coin,exchange_received_0_to_1,mixed,solc-0.8.36-legacy-200,True,True,True,70806,5674092,0xbb733033baf2b6a2d311f50b2f896c6893fc2f3cbc2952b23e056678a37e8ec3,0x592290835bf59f7ebcc542d3755f2967417e92c55ae1304a584f0af3bb6106e5,0x526201259a31b6d83bc0caefc76ca75b8bb3e83e64af7c354f2124d0c9aee23d
curve_stableswap_2coin,exchange_received_0_to_1,mixed,solc-0.8.36-viair-200,True,True,True,71660,4610810,0xbb733033baf2b6a2d311f50b2f896c6893fc2f3cbc2952b23e056678a37e8ec3,0x592290835bf59f7ebcc542d3755f2967417e92c55ae1304a584f0af3bb6106e5,0x526201259a31b6d83bc0caefc76ca75b8bb3e83e64af7c354f2124d0c9aee23d
curve_stableswap_2coin,get_dy_quote,warm,solar-gas-200,True,True,True,34314,4877766,0xbb733033baf2b6a2d311f50b2f896c6893fc2f3cbc2952b23e056678a37e8ec3,0x90d7e3a93790945f0779002d1482231ec18871a609e51e1a843f60be6dcb4cc2,0x0000000000000000000000000000000000000000000000000000000000000000
curve_stableswap_2coin,get_dy_quote,warm,solar-size-1,True,True,True,40258,5045146,0xbb733033baf2b6a2d311f50b2f896c6893fc2f3cbc2952b23e056678a37e8ec3,0x90d7e3a93790945f0779002d1482231ec18871a609e51e1a843f60be6dcb4cc2,0x0000000000000000000000000000000000000000000000000000000000000000
curve_stableswap_2coin,get_dy_quote,warm,solc-0.8.36-legacy-200,True,True,True,35608,5674092,0xbb733033baf2b6a2d311f50b2f896c6893fc2f3cbc2952b23e056678a37e8ec3,0x90d7e3a93790945f0779002d1482231ec18871a609e51e1a843f60be6dcb4cc2,0x0000000000000000000000000000000000000000000000000000000000000000
curve_stableswap_2coin,get_dy_quote,warm,solc-0.8.36-viair-200,True,True,True,40700,4610810,0xbb733033baf2b6a2d311f50b2f896c6893fc2f3cbc2952b23e056678a37e8ec3,0x90d7e3a93790945f0779002d1482231ec18871a609e51e1a843f60be6dcb4cc2,0x0000000000000000000000000000000000000000000000000000000000000000
curve_stableswap_2coin,oracle_rate_exchange,mixed,solar-gas-200,True,True,True,76088,4917566,0x44e0229c6078d2133724c22e1b911f73d818ac137db11dc5ea7ff493e8e69e31,0xa17aa32076b0aeec88a9b56a36f77f64a70435b283a45bd06f136c4bec43e8fb,0x17b5c971b856182e22bad1e6d1e39dc46e5ec3c438e26239046387352e2d1ca2
curve_stableswap_2coin,oracle_rate_exchange,mixed,solar-size-1,True,True,True,79488,5084946,0x44e0229c6078d2133724c22e1b911f73d818ac137db11dc5ea7ff493e8e69e31,0xa17aa32076b0aeec88a9b56a36f77f64a70435b283a45bd06f136c4bec43e8fb,0x17b5c971b856182e22bad1e6d1e39dc46e5ec3c438e26239046387352e2d1ca2
curve_stableswap_2coin,oracle_rate_exchange,mixed,solc-0.8.36-legacy-200,True,True,True,79249,5713892,0x44e0229c6078d2133724c22e1b911f73d818ac137db11dc5ea7ff493e8e69e31,0xa17aa32076b0aeec88a9b56a36f77f64a70435b283a45bd06f136c4bec43e8fb,0x17b5c971b856182e22bad1e6d1e39dc46e5ec3c438e26239046387352e2d1ca2
curve_stableswap_2coin,oracle_rate_exchange,mixed,solc-0.8.36-viair-200,True,True,True,80579,4650610,0x44e0229c6078d2133724c22e1b911f73d818ac137db11dc5ea7ff493e8e69e31,0xa17aa32076b0aeec88a9b56a36f77f64a70435b283a45bd06f136c4bec43e8fb,0x17b5c971b856182e22bad1e6d1e39dc46e5ec3c438e26239046387352e2d1ca2
curve_stableswap_2coin,permit_erc1271_valid,mixed,solar-gas-200,True,True,True,47438,4877766,0xb10e2d527612073b26eecdfd717e6a320cf44b4afac2b0732d9fcbe2b7fa0cf6,0x180a41f52b3030f68be2a51d024a2ac548f021d8e38ce4e371aef97096d15b34,0x0e47e75beaf0246c8e8e14f4931d748a49d660e8339b8ae907c40e8b706181ac
curve_stableswap_2coin,permit_erc1271_valid,mixed,solar-size-1,True,True,True,48508,5045146,0xb10e2d527612073b26eecdfd717e6a320cf44b4afac2b0732d9fcbe2b7fa0cf6,0x180a41f52b3030f68be2a51d024a2ac548f021d8e38ce4e371aef97096d15b34,0x0e47e75beaf0246c8e8e14f4931d748a49d660e8339b8ae907c40e8b706181ac
curve_stableswap_2coin,permit_erc1271_valid,mixed,solc-0.8.36-legacy-200,True,True,True,48171,5674092,0xb10e2d527612073b26eecdfd717e6a320cf44b4afac2b0732d9fcbe2b7fa0cf6,0x180a41f52b3030f68be2a51d024a2ac548f021d8e38ce4e371aef97096d15b34,0x0e47e75beaf0246c8e8e14f4931d748a49d660e8339b8ae907c40e8b706181ac
curve_stableswap_2coin,permit_erc1271_valid,mixed,solc-0.8.36-viair-200,True,True,True,48803,4610810,0xb10e2d527612073b26eecdfd717e6a320cf44b4afac2b0732d9fcbe2b7fa0cf6,0x180a41f52b3030f68be2a51d024a2ac548f021d8e38ce4e371aef97096d15b34,0x0e47e75beaf0246c8e8e14f4931d748a49d660e8339b8ae907c40e8b706181ac
curve_stableswap_2coin,permit_valid,mixed,solar-gas-200,True,True,True,51985,4877766,0xb10e2d527612073b26eecdfd717e6a320cf44b4afac2b0732d9fcbe2b7fa0cf6,0xbf8e2e1f5c17e3d0ea64caf467f7f4793b08823681f763b4edcbbd98bdf0db94,0x97332448e356ee285c4bb71a1fec5705754357891f49ca61f5d19537084aa618
curve_stableswap_2coin,permit_valid,mixed,solar-size-1,True,True,True,53087,5045146,0xb10e2d527612073b26eecdfd717e6a320cf44b4afac2b0732d9fcbe2b7fa0cf6,0xbf8e2e1f5c17e3d0ea64caf467f7f4793b08823681f763b4edcbbd98bdf0db94,0x97332448e356ee285c4bb71a1fec5705754357891f49ca61f5d19537084aa618
curve_stableswap_2coin,permit_valid,mixed,solc-0.8.36-legacy-200,True,True,True,52497,5674092,0xb10e2d527612073b26eecdfd717e6a320cf44b4afac2b0732d9fcbe2b7fa0cf6,0xbf8e2e1f5c17e3d0ea64caf467f7f4793b08823681f763b4edcbbd98bdf0db94,0x97332448e356ee285c4bb71a1fec5705754357891f49ca61f5d19537084aa618
curve_stableswap_2coin,permit_valid,mixed,solc-0.8.36-viair-200,True,True,True,53083,4610810,0xb10e2d527612073b26eecdfd717e6a320cf44b4afac2b0732d9fcbe2b7fa0cf6,0xbf8e2e1f5c17e3d0ea64caf467f7f4793b08823681f763b4edcbbd98bdf0db94,0x97332448e356ee285c4bb71a1fec5705754357891f49ca61f5d19537084aa618
curve_stableswap_2coin,price_oracle_after_time,warm,solar-gas-200,True,True,True,2240,4877766,0x495866e2457a403255356902b5ff6a60a477f6e020cc6f46d8faf01c93a8a99d,0x0f58f957df5ffae91215b750ed26bdea7047599042618f350235749debf1a055,0x0000000000000000000000000000000000000000000000000000000000000000
curve_stableswap_2coin,price_oracle_after_time,warm,solar-size-1,True,True,True,3041,5045146,0x495866e2457a403255356902b5ff6a60a477f6e020cc6f46d8faf01c93a8a99d,0x0f58f957df5ffae91215b750ed26bdea7047599042618f350235749debf1a055,0x0000000000000000000000000000000000000000000000000000000000000000
curve_stableswap_2coin,price_oracle_after_time,warm,solc-0.8.36-legacy-200,True,True,True,2411,5674092,0x495866e2457a403255356902b5ff6a60a477f6e020cc6f46d8faf01c93a8a99d,0x0f58f957df5ffae91215b750ed26bdea7047599042618f350235749debf1a055,0x0000000000000000000000000000000000000000000000000000000000000000
curve_stableswap_2coin,price_oracle_after_time,warm,solc-0.8.36-viair-200,True,True,True,2707,4610810,0x495866e2457a403255356902b5ff6a60a477f6e020cc6f46d8faf01c93a8a99d,0x0f58f957df5ffae91215b750ed26bdea7047599042618f350235749debf1a055,0x0000000000000000000000000000000000000000000000000000000000000000
curve_stableswap_2coin,ramp_a,mixed,solar-gas-200,True,True,True,52250,4877766,0xc5d2460186f7233c927e7db2dcc703c0e500b653ca82273b7bfad8045d85a470,0x4b1dd2d3de62b7013ebc899dbb5cfe5f3d2d4cd454dbf8d88de0fe3854470e04,0x8bea348e0e7e334e7870901f7ed03a2e1b77d5153c84d5944c81a97d209735cc
curve_stableswap_2coin,ramp_a,mixed,solar-size-1,True,True,True,52783,5045146,0xc5d2460186f7233c927e7db2dcc703c0e500b653ca82273b7bfad8045d85a470,0x4b1dd2d3de62b7013ebc899dbb5cfe5f3d2d4cd454dbf8d88de0fe3854470e04,0x8bea348e0e7e334e7870901f7ed03a2e1b77d5153c84d5944c81a97d209735cc
curve_stableswap_2coin,ramp_a,mixed,solc-0.8.36-legacy-200,True,True,True,52503,5674092,0xc5d2460186f7233c927e7db2dcc703c0e500b653ca82273b7bfad8045d85a470,0x4b1dd2d3de62b7013ebc899dbb5cfe5f3d2d4cd454dbf8d88de0fe3854470e04,0x8bea348e0e7e334e7870901f7ed03a2e1b77d5153c84d5944c81a97d209735cc
curve_stableswap_2coin,ramp_a,mixed,solc-0.8.36-viair-200,True,True,True,52596,4610810,0xc5d2460186f7233c927e7db2dcc703c0e500b653ca82273b7bfad8045d85a470,0x4b1dd2d3de62b7013ebc899dbb5cfe5f3d2d4cd454dbf8d88de0fe3854470e04,0x8bea348e0e7e334e7870901f7ed03a2e1b77d5153c84d5944c81a97d209735cc
curve_stableswap_2coin,rebasing_balance_exchange,mixed,solar-gas-200,True,True,True,77385,4897654,0xf8715a0557e5652a8c66489abfce984dcfc6a3c8ab2288057c22394de225cbaa,0x0e4818034846b6246d7e4d888d6063ac9dda47364453d0f2f0f9cc7a78dfe151,0xae446a3d5bdc1938d92b170da3fc44be29f94f9d1cb28f5db98e77c965e2bcf5
curve_stableswap_2coin,rebasing_balance_exchange,mixed,solar-size-1,True,True,True,80892,5065034,0xf8715a0557e5652a8c66489abfce984dcfc6a3c8ab2288057c22394de225cbaa,0x0e4818034846b6246d7e4d888d6063ac9dda47364453d0f2f0f9cc7a78dfe151,0xae446a3d5bdc1938d92b170da3fc44be29f94f9d1cb28f5db98e77c965e2bcf5
curve_stableswap_2coin,rebasing_balance_exchange,mixed,solc-0.8.36-legacy-200,True,True,True,80659,5694000,0xf8715a0557e5652a8c66489abfce984dcfc6a3c8ab2288057c22394de225cbaa,0x0e4818034846b6246d7e4d888d6063ac9dda47364453d0f2f0f9cc7a78dfe151,0xae446a3d5bdc1938d92b170da3fc44be29f94f9d1cb28f5db98e77c965e2bcf5
curve_stableswap_2coin,rebasing_balance_exchange,mixed,solc-0.8.36-viair-200,True,True,True,81988,4630730,0xf8715a0557e5652a8c66489abfce984dcfc6a3c8ab2288057c22394de225cbaa,0x0e4818034846b6246d7e4d888d6063ac9dda47364453d0f2f0f9cc7a78dfe151,0xae446a3d5bdc1938d92b170da3fc44be29f94f9d1cb28f5db98e77c965e2bcf5
curve_stableswap_2coin,remove_liquidity,mixed,solar-gas-200,True,True,True,45422,4877766,0xfceb4d37d0dfeba1382ce36166946e36a4b1883c9d8635f09e2f21b274c2903b,0x05e75080c3cc0dda32da893e164d467c0f76d70ee1b96198aafdc4f741ffab9d,0x04b57c29a9c8a8423c2fff93e618855ffed1e4165ed6f750723cbddc23d93337
curve_stableswap_2coin,remove_liquidity,mixed,solar-size-1,True,True,True,46898,5045146,0xfceb4d37d0dfeba1382ce36166946e36a4b1883c9d8635f09e2f21b274c2903b,0x05e75080c3cc0dda32da893e164d467c0f76d70ee1b96198aafdc4f741ffab9d,0x04b57c29a9c8a8423c2fff93e618855ffed1e4165ed6f750723cbddc23d93337
curve_stableswap_2coin,remove_liquidity,mixed,solc-0.8.36-legacy-200,True,True,True,46962,5674092,0xfceb4d37d0dfeba1382ce36166946e36a4b1883c9d8635f09e2f21b274c2903b,0x05e75080c3cc0dda32da893e164d467c0f76d70ee1b96198aafdc4f741ffab9d,0x04b57c29a9c8a8423c2fff93e618855ffed1e4165ed6f750723cbddc23d93337
curve_stableswap_2coin,remove_liquidity,mixed,solc-0.8.36-viair-200,True,True,True,48247,4610810,0xfceb4d37d0dfeba1382ce36166946e36a4b1883c9d8635f09e2f21b274c2903b,0x05e75080c3cc0dda32da893e164d467c0f76d70ee1b96198aafdc4f741ffab9d,0x04b57c29a9c8a8423c2fff93e618855ffed1e4165ed6f750723cbddc23d93337
curve_stableswap_2coin,remove_liquidity_imbalance,mixed,solar-gas-200,True,True,True,103723,4877766,0x1453bd222cc000307fd002decbe5a111095e76efa1310acfc3b969a878ba7f58,0x5c4a65f76d44e7d968dce5a6f0fefa7e82c496051335082b23a4eef066381e5d,0xdac724f4aa9e3c3c0faf2bb38ed340e2eb7feed3fe2abe4e27b2eafb95fade75
curve_stableswap_2coin,remove_liquidity_imbalance,mixed,solar-size-1,True,True,True,108545,5045146,0x1453bd222cc000307fd002decbe5a111095e76efa1310acfc3b969a878ba7f58,0x5c4a65f76d44e7d968dce5a6f0fefa7e82c496051335082b23a4eef066381e5d,0xdac724f4aa9e3c3c0faf2bb38ed340e2eb7feed3fe2abe4e27b2eafb95fade75
curve_stableswap_2coin,remove_liquidity_imbalance,mixed,solc-0.8.36-legacy-200,True,True,True,104842,5674092,0x1453bd222cc000307fd002decbe5a111095e76efa1310acfc3b969a878ba7f58,0x5c4a65f76d44e7d968dce5a6f0fefa7e82c496051335082b23a4eef066381e5d,0xdac724f4aa9e3c3c0faf2bb38ed340e2eb7feed3fe2abe4e27b2eafb95fade75
curve_stableswap_2coin,remove_liquidity_imbalance,mixed,solc-0.8.36-viair-200,True,True,True,108343,4610810,0x1453bd222cc000307fd002decbe5a111095e76efa1310acfc3b969a878ba7f58,0x5c4a65f76d44e7d968dce5a6f0fefa7e82c496051335082b23a4eef066381e5d,0xdac724f4aa9e3c3c0faf2bb38ed340e2eb7feed3fe2abe4e27b2eafb95fade75
curve_stableswap_2coin,remove_liquidity_imbalance_eight_coin,mixed,solar-gas-200,True,True,True,184016,5374914,0xd4f37bc8855913e9c5ed82071b888034774cc374971ec852e7de661000b1ed3c,0x02f22fd1edeb657be851519d50e49d3455973fef2f177357b161659623376eb7,0x4e00a9db95086fa88d0d09392adee4a923d020908cfe185e7497a4416f2a5789
curve_stableswap_2coin,remove_liquidity_imbalance_eight_coin,mixed,solar-size-1,True,True,True,196476,5539846,0xd4f37bc8855913e9c5ed82071b888034774cc374971ec852e7de661000b1ed3c,0x02f22fd1edeb657be851519d50e49d3455973fef2f177357b161659623376eb7,0x4e00a9db95086fa88d0d09392adee4a923d020908cfe185e7497a4416f2a5789
curve_stableswap_2coin,remove_liquidity_imbalance_eight_coin,mixed,solc-0.8.36-legacy-200,True,True,True,182944,6162480,0xd4f37bc8855913e9c5ed82071b888034774cc374971ec852e7de661000b1ed3c,0x02f22fd1edeb657be851519d50e49d3455973fef2f177357b161659623376eb7,0x4e00a9db95086fa88d0d09392adee4a923d020908cfe185e7497a4416f2a5789
curve_stableswap_2coin,remove_liquidity_imbalance_eight_coin,mixed,solc-0.8.36-viair-200,True,True,True,198731,5101053,0xd4f37bc8855913e9c5ed82071b888034774cc374971ec852e7de661000b1ed3c,0x02f22fd1edeb657be851519d50e49d3455973fef2f177357b161659623376eb7,0x4e00a9db95086fa88d0d09392adee4a923d020908cfe185e7497a4416f2a5789
curve_stableswap_2coin,remove_liquidity_no_return_tokens,mixed,solar-gas-200,True,True,True,45135,4877766,0xfceb4d37d0dfeba1382ce36166946e36a4b1883c9d8635f09e2f21b274c2903b,0x05e75080c3cc0dda32da893e164d467c0f76d70ee1b96198aafdc4f741ffab9d,0x04b57c29a9c8a8423c2fff93e618855ffed1e4165ed6f750723cbddc23d93337
curve_stableswap_2coin,remove_liquidity_no_return_tokens,mixed,solar-size-1,True,True,True,46610,5045146,0xfceb4d37d0dfeba1382ce36166946e36a4b1883c9d8635f09e2f21b274c2903b,0x05e75080c3cc0dda32da893e164d467c0f76d70ee1b96198aafdc4f741ffab9d,0x04b57c29a9c8a8423c2fff93e618855ffed1e4165ed6f750723cbddc23d93337
curve_stableswap_2coin,remove_liquidity_no_return_tokens,mixed,solc-0.8.36-legacy-200,True,True,True,46399,5674092,0xfceb4d37d0dfeba1382ce36166946e36a4b1883c9d8635f09e2f21b274c2903b,0x05e75080c3cc0dda32da893e164d467c0f76d70ee1b96198aafdc4f741ffab9d,0x04b57c29a9c8a8423c2fff93e618855ffed1e4165ed6f750723cbddc23d93337
curve_stableswap_2coin,remove_liquidity_no_return_tokens,mixed,solc-0.8.36-viair-200,True,True,True,47629,4610810,0xfceb4d37d0dfeba1382ce36166946e36a4b1883c9d8635f09e2f21b274c2903b,0x05e75080c3cc0dda32da893e164d467c0f76d70ee1b96198aafdc4f741ffab9d,0x04b57c29a9c8a8423c2fff93e618855ffed1e4165ed6f750723cbddc23d93337
curve_stableswap_2coin,remove_one_coin,mixed,solar-gas-200,True,True,True,74463,4877766,0x8f6ba229b05d6f5d6db61cb90ba0548ec41203fb0df8fb7fa9bc34f4c042de18,0x78801c5d15773ad5b8c6cbe2c5d59f8e165f0c9274f3bba350935592dcd05f28,0xc3377e84e6838bd6ef26006b455be17d1ff4c9a4702806131434aa8735a11a3f
curve_stableswap_2coin,remove_one_coin,mixed,solar-size-1,True,True,True,76366,5045146,0x8f6ba229b05d6f5d6db61cb90ba0548ec41203fb0df8fb7fa9bc34f4c042de18,0x78801c5d15773ad5b8c6cbe2c5d59f8e165f0c9274f3bba350935592dcd05f28,0xc3377e84e6838bd6ef26006b455be17d1ff4c9a4702806131434aa8735a11a3f
curve_stableswap_2coin,remove_one_coin,mixed,solc-0.8.36-legacy-200,True,True,True,78985,5674092,0x8f6ba229b05d6f5d6db61cb90ba0548ec41203fb0df8fb7fa9bc34f4c042de18,0x78801c5d15773ad5b8c6cbe2c5d59f8e165f0c9274f3bba350935592dcd05f28,0xc3377e84e6838bd6ef26006b455be17d1ff4c9a4702806131434aa8735a11a3f
curve_stableswap_2coin,remove_one_coin,mixed,solc-0.8.36-viair-200,True,True,True,78386,4610810,0x8f6ba229b05d6f5d6db61cb90ba0548ec41203fb0df8fb7fa9bc34f4c042de18,0x78801c5d15773ad5b8c6cbe2c5d59f8e165f0c9274f3bba350935592dcd05f28,0xc3377e84e6838bd6ef26006b455be17d1ff4c9a4702806131434aa8735a11a3f
curve_stableswap_2coin,set_ma_exp_time,mixed,solar-gas-200,True,True,True,6942,4877766,0xc5d2460186f7233c927e7db2dcc703c0e500b653ca82273b7bfad8045d85a470,0x88f452f8c8472d221548a8a63639cb13db02996b85906b66a649ff5ccfe16338,0xa126a4231720731d00e65f587fa58b9bd2dc0044aac137f8cfc7632ff9cf4176
curve_stableswap_2coin,set_ma_exp_time,mixed,solar-size-1,True,True,True,7441,5045146,0xc5d2460186f7233c927e7db2dcc703c0e500b653ca82273b7bfad8045d85a470,0x88f452f8c8472d221548a8a63639cb13db02996b85906b66a649ff5ccfe16338,0xa126a4231720731d00e65f587fa58b9bd2dc0044aac137f8cfc7632ff9cf4176
curve_stableswap_2coin,set_ma_exp_time,mixed,solc-0.8.36-legacy-200,True,True,True,7130,5674092,0xc5d2460186f7233c927e7db2dcc703c0e500b653ca82273b7bfad8045d85a470,0x88f452f8c8472d221548a8a63639cb13db02996b85906b66a649ff5ccfe16338,0xa126a4231720731d00e65f587fa58b9bd2dc0044aac137f8cfc7632ff9cf4176
curve_stableswap_2coin,set_ma_exp_time,mixed,solc-0.8.36-viair-200,True,True,True,7566,4610810,0xc5d2460186f7233c927e7db2dcc703c0e500b653ca82273b7bfad8045d85a470,0x88f452f8c8472d221548a8a63639cb13db02996b85906b66a649ff5ccfe16338,0xa126a4231720731d00e65f587fa58b9bd2dc0044aac137f8cfc7632ff9cf4176
curve_stableswap_2coin,set_new_fee,mixed,solar-gas-200,True,True,True,6880,4877766,0xc5d2460186f7233c927e7db2dcc703c0e500b653ca82273b7bfad8045d85a470,0x8879bc93be8d9f829a54bed0cf03badbbc79dcf3fb9be44565ad16f4922acf10,0xff58eb1153fab7975c8a0a63746696d49b36579e0e8fb453023bbe16f7033942
curve_stableswap_2coin,set_new_fee,mixed,solar-size-1,True,True,True,6896,5045146,0xc5d2460186f7233c927e7db2dcc703c0e500b653ca82273b7bfad8045d85a470,0x8879bc93be8d9f829a54bed0cf03badbbc79dcf3fb9be44565ad16f4922acf10,0xff58eb1153fab7975c8a0a63746696d49b36579e0e8fb453023bbe16f7033942
curve_stableswap_2coin,set_new_fee,mixed,solc-0.8.36-legacy-200,True,True,True,7281,5674092,0xc5d2460186f7233c927e7db2dcc703c0e500b653ca82273b7bfad8045d85a470,0x8879bc93be8d9f829a54bed0cf03badbbc79dcf3fb9be44565ad16f4922acf10,0xff58eb1153fab7975c8a0a63746696d49b36579e0e8fb453023bbe16f7033942
curve_stableswap_2coin,set_new_fee,mixed,solc-0.8.36-viair-200,True,True,True,7048,4610810,0xc5d2460186f7233c927e7db2dcc703c0e500b653ca82273b7bfad8045d85a470,0x8879bc93be8d9f829a54bed0cf03badbbc79dcf3fb9be44565ad16f4922acf10,0xff58eb1153fab7975c8a0a63746696d49b36579e0e8fb453023bbe16f7033942
curve_stableswap_2coin,stop_ramp_a,mixed,solar-gas-200,True,True,True,7777,4877766,0xc5d2460186f7233c927e7db2dcc703c0e500b653ca82273b7bfad8045d85a470,0x38d5294fed9159b7f568bcb8f9444215e836a9bf6e882744d041107a720bb145,0x19832ff79f15d392b3062e7e89edf6af5811bbed9b0d6e632c6595830e20464c
curve_stableswap_2coin,stop_ramp_a,mixed,solar-size-1,True,True,True,8471,5045146,0xc5d2460186f7233c927e7db2dcc703c0e500b653ca82273b7bfad8045d85a470,0x38d5294fed9159b7f568bcb8f9444215e836a9bf6e882744d041107a720bb145,0x19832ff79f15d392b3062e7e89edf6af5811bbed9b0d6e632c6595830e20464c
curve_stableswap_2coin,stop_ramp_a,mixed,solc-0.8.36-legacy-200,True,True,True,7827,5674092,0xc5d2460186f7233c927e7db2dcc703c0e500b653ca82273b7bfad8045d85a470,0x38d5294fed9159b7f568bcb8f9444215e836a9bf6e882744d041107a720bb145,0x19832ff79f15d392b3062e7e89edf6af5811bbed9b0d6e632c6595830e20464c
curve_stableswap_2coin,stop_ramp_a,mixed,solc-0.8.36-viair-200,True,True,True,8211,4610810,0xc5d2460186f7233c927e7db2dcc703c0e500b653ca82273b7bfad8045d85a470,0x38d5294fed9159b7f568bcb8f9444215e836a9bf6e882744d041107a720bb145,0x19832ff79f15d392b3062e7e89edf6af5811bbed9b0d6e632c6595830e20464c
curve_stableswap_2coin,withdraw_admin_fees,mixed,solar-gas-200,True,True,True,24983,4877766,0xc5d2460186f7233c927e7db2dcc703c0e500b653ca82273b7bfad8045d85a470,0x592290835bf59f7ebcc542d3755f2967417e92c55ae1304a584f0af3bb6106e5,0x0000000000000000000000000000000000000000000000000000000000000000
curve_stableswap_2coin,withdraw_admin_fees,mixed,solar-size-1,True,True,True,25404,5045146,0xc5d2460186f7233c927e7db2dcc703c0e500b653ca82273b7bfad8045d85a470,0x592290835bf59f7ebcc542d3755f2967417e92c55ae1304a584f0af3bb6106e5,0x0000000000000000000000000000000000000000000000000000000000000000
curve_stableswap_2coin,withdraw_admin_fees,mixed,solc-0.8.36-legacy-200,True,True,True,25044,5674092,0xc5d2460186f7233c927e7db2dcc703c0e500b653ca82273b7bfad8045d85a470,0x592290835bf59f7ebcc542d3755f2967417e92c55ae1304a584f0af3bb6106e5,0x0000000000000000000000000000000000000000000000000000000000000000
curve_stableswap_2coin,withdraw_admin_fees,mixed,solc-0.8.36-viair-200,True,True,True,25155,4610810,0xc5d2460186f7233c927e7db2dcc703c0e500b653ca82273b7bfad8045d85a470,0x592290835bf59f7ebcc542d3755f2967417e92c55ae1304a584f0af3bb6106e5,0x0000000000000000000000000000000000000000000000000000000000000000
eip1167_codehash_bookkeeping,clone_value,mixed,solar-gas-200,True,True,True,759,123637,0xbeced09521047d05b8960b7e7bcc1d1292cf3e4b2a6b63f48335cbde5f7545d2,0x5714ee30f7600607d4eb092da8f3b6d799d0f96c19a71fd903ecc56ccdef4d5a,0x0000000000000000000000000000000000000000000000000000000000000000
eip1167_codehash_bookkeeping,clone_value,mixed,solar-size-1,True,True,True,759,123637,0xbeced09521047d05b8960b7e7bcc1d1292cf3e4b2a6b63f48335cbde5f7545d2,0x5714ee30f7600607d4eb092da8f3b6d799d0f96c19a71fd903ecc56ccdef4d5a,0x0000000000000000000000000000000000000000000000000000000000000000
eip1167_codehash_bookkeeping,clone_value,mixed,solc-0.8.36-legacy-200,True,True,True,910,177111,0xbeced09521047d05b8960b7e7bcc1d1292cf3e4b2a6b63f48335cbde5f7545d2,0x5714ee30f7600607d4eb092da8f3b6d799d0f96c19a71fd903ecc56ccdef4d5a,0x0000000000000000000000000000000000000000000000000000000000000000
eip1167_codehash_bookkeeping,clone_value,mixed,solc-0.8.36-viair-200,True,True,True,806,151498,0xbeced09521047d05b8960b7e7bcc1d1292cf3e4b2a6b63f48335cbde5f7545d2,0x5714ee30f7600607d4eb092da8f3b6d799d0f96c19a71fd903ecc56ccdef4d5a,0x0000000000000000000000000000000000000000000000000000000000000000
eip1167_codehash_bookkeeping,proxy_code_hash,cold,solar-gas-200,True,True,True,853,123637,0x5856d2a1424457d4f95901bfd532446760bb8a4d9a7a1298c4c7cb1a81a98cb4,0x0000000000000000000000000000000000000000000000000000000000000000,0x0000000000000000000000000000000000000000000000000000000000000000
eip1167_codehash_bookkeeping,proxy_code_hash,cold,solar-size-1,True,True,True,853,123637,0x5856d2a1424457d4f95901bfd532446760bb8a4d9a7a1298c4c7cb1a81a98cb4,0x0000000000000000000000000000000000000000000000000000000000000000,0x0000000000000000000000000000000000000000000000000000000000000000
eip1167_codehash_bookkeeping,proxy_code_hash,cold,solc-0.8.36-legacy-200,True,True,True,1035,177111,0x5856d2a1424457d4f95901bfd532446760bb8a4d9a7a1298c4c7cb1a81a98cb4,0x0000000000000000000000000000000000000000000000000000000000000000,0x0000000000000000000000000000000000000000000000000000000000000000
eip1167_codehash_bookkeeping,proxy_code_hash,cold,solc-0.8.36-viair-200,True,True,True,993,151498,0x5856d2a1424457d4f95901bfd532446760bb8a4d9a7a1298c4c7cb1a81a98cb4,0x0000000000000000000000000000000000000000000000000000000000000000,0x0000000000000000000000000000000000000000000000000000000000000000
eip1167_codehash_bookkeeping,record_clone,warm,solar-gas-200,True,True,True,22935,123637,0xbeced09521047d05b8960b7e7bcc1d1292cf3e4b2a6b63f48335cbde5f7545d2,0x5714ee30f7600607d4eb092da8f3b6d799d0f96c19a71fd903ecc56ccdef4d5a,0x0000000000000000000000000000000000000000000000000000000000000000
eip1167_codehash_bookkeeping,record_clone,warm,solar-size-1,True,True,True,22935,123637,0xbeced09521047d05b8960b7e7bcc1d1292cf3e4b2a6b63f48335cbde5f7545d2,0x5714ee30f7600607d4eb092da8f3b6d799d0f96c19a71fd903ecc56ccdef4d5a,0x0000000000000000000000000000000000000000000000000000000000000000
eip1167_codehash_bookkeeping,record_clone,warm,solc-0.8.36-legacy-200,True,True,True,23288,177111,0xbeced09521047d05b8960b7e7bcc1d1292cf3e4b2a6b63f48335cbde5f7545d2,0x5714ee30f7600607d4eb092da8f3b6d799d0f96c19a71fd903ecc56ccdef4d5a,0x0000000000000000000000000000000000000000000000000000000000000000
eip1167_codehash_bookkeeping,record_clone,warm,solc-0.8.36-viair-200,True,True,True,23117,151498,0xbeced09521047d05b8960b7e7bcc1d1292cf3e4b2a6b63f48335cbde5f7545d2,0x5714ee30f7600607d4eb092da8f3b6d799d0f96c19a71fd903ecc56ccdef4d5a,0x0000000000000000000000000000000000000000000000000000000000000000
erc20_minimal,approve_success,warm,solar-gas-200,True,True,True,22604,284133,0xb10e2d527612073b26eecdfd717e6a320cf44b4afac2b0732d9fcbe2b7fa0cf6,0x5b1ba02679e097c1cf85bb2061312d3f653d432a106f2b68225b257164237c28,0x0000000000000000000000000000000000000000000000000000000000000000
erc20_minimal,approve_success,warm,solar-size-1,True,True,True,22591,277525,0xb10e2d527612073b26eecdfd717e6a320cf44b4afac2b0732d9fcbe2b7fa0cf6,0x5b1ba02679e097c1cf85bb2061312d3f653d432a106f2b68225b257164237c28,0x0000000000000000000000000000000000000000000000000000000000000000
erc20_minimal,approve_success,warm,solc-0.8.36-legacy-200,True,True,True,22870,373555,0xb10e2d527612073b26eecdfd717e6a320cf44b4afac2b0732d9fcbe2b7fa0cf6,0x5b1ba02679e097c1cf85bb2061312d3f653d432a106f2b68225b257164237c28,0x0000000000000000000000000000000000000000000000000000000000000000
erc20_minimal,approve_success,warm,solc-0.8.36-viair-200,True,True,True,22656,334081,0xb10e2d527612073b26eecdfd717e6a320cf44b4afac2b0732d9fcbe2b7fa0cf6,0x5b1ba02679e097c1cf85bb2061312d3f653d432a106f2b68225b257164237c28,0x0000000000000000000000000000000000000000000000000000000000000000
erc20_minimal,total_supply,cold,solar-gas-200,True,True,True,675,284133,0x8b673aa9699ba221ee48e2e198c530c0e3da1c58b29a8ea98947dac799bf2e73,0x94a7033be3042fff2add7ba54cc00c7a60755923b1f1e18bc9fbdf7e514847cd,0x0000000000000000000000000000000000000000000000000000000000000000
erc20_minimal,total_supply,cold,solar-size-1,True,True,True,685,277525,0x8b673aa9699ba221ee48e2e198c530c0e3da1c58b29a8ea98947dac799bf2e73,0x94a7033be3042fff2add7ba54cc00c7a60755923b1f1e18bc9fbdf7e514847cd,0x0000000000000000000000000000000000000000000000000000000000000000
erc20_minimal,total_supply,cold,solc-0.8.36-legacy-200,True,True,True,789,373555,0x8b673aa9699ba221ee48e2e198c530c0e3da1c58b29a8ea98947dac799bf2e73,0x94a7033be3042fff2add7ba54cc00c7a60755923b1f1e18bc9fbdf7e514847cd,0x0000000000000000000000000000000000000000000000000000000000000000
erc20_minimal,total_supply,cold,solc-0.8.36-viair-200,True,True,True,742,334081,0x8b673aa9699ba221ee48e2e198c530c0e3da1c58b29a8ea98947dac799bf2e73,0x94a7033be3042fff2add7ba54cc00c7a60755923b1f1e18bc9fbdf7e514847cd,0x0000000000000000000000000000000000000000000000000000000000000000
erc20_minimal,transfer_from_success,mixed,solar-gas-200,True,True,True,26682,284133,0xb10e2d527612073b26eecdfd717e6a320cf44b4afac2b0732d9fcbe2b7fa0cf6,0x33c01ed28ae63eecbbd15c9563fff7e5bfe5916151b1f5f25f2aefb81d6ad12b,0x0000000000000000000000000000000000000000000000000000000000000000
erc20_minimal,transfer_from_success,mixed,solar-size-1,True,True,True,26791,277525,0xb10e2d527612073b26eecdfd717e6a320cf44b4afac2b0732d9fcbe2b7fa0cf6,0x33c01ed28ae63eecbbd15c9563fff7e5bfe5916151b1f5f25f2aefb81d6ad12b,0x0000000000000000000000000000000000000000000000000000000000000000
erc20_minimal,transfer_from_success,mixed,solc-0.8.36-legacy-200,True,True,True,27428,373555,0xb10e2d527612073b26eecdfd717e6a320cf44b4afac2b0732d9fcbe2b7fa0cf6,0x33c01ed28ae63eecbbd15c9563fff7e5bfe5916151b1f5f25f2aefb81d6ad12b,0x0000000000000000000000000000000000000000000000000000000000000000
erc20_minimal,transfer_from_success,mixed,solc-0.8.36-viair-200,True,True,True,27030,334081,0xb10e2d527612073b26eecdfd717e6a320cf44b4afac2b0732d9fcbe2b7fa0cf6,0x33c01ed28ae63eecbbd15c9563fff7e5bfe5916151b1f5f25f2aefb81d6ad12b,0x0000000000000000000000000000000000000000000000000000000000000000
erc20_minimal,transfer_revert,cold,solar-gas-200,False,False,True,5919,284133,0x4428af0fc6795a4ef647e4e62f45156e8e2d9c2b85a04592ae031895cffe91d5,0x94a7033be3042fff2add7ba54cc00c7a60755923b1f1e18bc9fbdf7e514847cd,0x0000000000000000000000000000000000000000000000000000000000000000
erc20_minimal,transfer_revert,cold,solar-size-1,False,False,True,6038,277525,0x4428af0fc6795a4ef647e4e62f45156e8e2d9c2b85a04592ae031895cffe91d5,0x94a7033be3042fff2add7ba54cc00c7a60755923b1f1e18bc9fbdf7e514847cd,0x0000000000000000000000000000000000000000000000000000000000000000
erc20_minimal,transfer_revert,cold,solc-0.8.36-legacy-200,False,False,True,6203,373555,0x4428af0fc6795a4ef647e4e62f45156e8e2d9c2b85a04592ae031895cffe91d5,0x94a7033be3042fff2add7ba54cc00c7a60755923b1f1e18bc9fbdf7e514847cd,0x0000000000000000000000000000000000000000000000000000000000000000
erc20_minimal,transfer_revert,cold,solc-0.8.36-viair-200,False,False,True,6165,334081,0x4428af0fc6795a4ef647e4e62f45156e8e2d9c2b85a04592ae031895cffe91d5,0x94a7033be3042fff2add7ba54cc00c7a60755923b1f1e18bc9fbdf7e514847cd,0x0000000000000000000000000000000000000000000000000000000000000000
erc20_minimal,transfer_success,warm,solar-gas-200,True,True,True,23144,284133,0xb10e2d527612073b26eecdfd717e6a320cf44b4afac2b0732d9fcbe2b7fa0cf6,0xf5495a869daf164f9b1390e72c294334e7558ec098d9f8509b4d65aa44dbc1e6,0x0000000000000000000000000000000000000000000000000000000000000000
erc20_minimal,transfer_success,warm,solar-size-1,True,True,True,23264,277525,0xb10e2d527612073b26eecdfd717e6a320cf44b4afac2b0732d9fcbe2b7fa0cf6,0xf5495a869daf164f9b1390e72c294334e7558ec098d9f8509b4d65aa44dbc1e6,0x0000000000000000000000000000000000000000000000000000000000000000
erc20_minimal,transfer_success,warm,solc-0.8.36-legacy-200,True,True,True,23610,373555,0xb10e2d527612073b26eecdfd717e6a320cf44b4afac2b0732d9fcbe2b7fa0cf6,0xf5495a869daf164f9b1390e72c294334e7558ec098d9f8509b4d65aa44dbc1e6,0x0000000000000000000000000000000000000000000000000000000000000000
erc20_minimal,transfer_success,warm,solc-0.8.36-viair-200,True,True,True,23409,334081,0xb10e2d527612073b26eecdfd717e6a320cf44b4afac2b0732d9fcbe2b7fa0cf6,0xf5495a869daf164f9b1390e72c294334e7558ec098d9f8509b4d65aa44dbc1e6,0x0000000000000000000000000000000000000000000000000000000000000000
erc20_permit_hashing,hash_current_after_nonce,warm,solar-gas-200,True,True,True,1141,105013,0x0a25c63498b7fb606286cc339546b02a46bc173db5a70b7a9278399a93c6ccfb,0x3e3399039f32b651885720dfd55db9a6a31c250cadd3c728672e6ebdb4bca75d,0x0000000000000000000000000000000000000000000000000000000000000000
erc20_permit_hashing,hash_current_after_nonce,warm,solar-size-1,True,True,True,1124,109810,0x0a25c63498b7fb606286cc339546b02a46bc173db5a70b7a9278399a93c6ccfb,0x3e3399039f32b651885720dfd55db9a6a31c250cadd3c728672e6ebdb4bca75d,0x0000000000000000000000000000000000000000000000000000000000000000
erc20_permit_hashing,hash_current_after_nonce,warm,solc-0.8.36-legacy-200,True,True,True,1451,155097,0x0a25c63498b7fb606286cc339546b02a46bc173db5a70b7a9278399a93c6ccfb,0x3e3399039f32b651885720dfd55db9a6a31c250cadd3c728672e6ebdb4bca75d,0x0000000000000000000000000000000000000000000000000000000000000000
erc20_permit_hashing,hash_current_after_nonce,warm,solc-0.8.36-viair-200,True,True,True,1251,135479,0x0a25c63498b7fb606286cc339546b02a46bc173db5a70b7a9278399a93c6ccfb,0x3e3399039f32b651885720dfd55db9a6a31c250cadd3c728672e6ebdb4bca75d,0x0000000000000000000000000000000000000000000000000000000000000000
erc20_permit_hashing,hash_static,cold,solar-gas-200,True,True,True,982,105013,0x655e950c2b70bece96773905eee18833457f73ca9338c14b5d7a0e60629bf761,0x14d1565e4ab56f22d4f1ea0ef735a6057623e3287b37b333b459d4d319835e8f,0x0000000000000000000000000000000000000000000000000000000000000000
erc20_permit_hashing,hash_static,cold,solar-size-1,True,True,True,992,109810,0x655e950c2b70bece96773905eee18833457f73ca9338c14b5d7a0e60629bf761,0x14d1565e4ab56f22d4f1ea0ef735a6057623e3287b37b333b459d4d319835e8f,0x0000000000000000000000000000000000000000000000000000000000000000
erc20_permit_hashing,hash_static,cold,solc-0.8.36-legacy-200,True,True,True,1286,155097,0x655e950c2b70bece96773905eee18833457f73ca9338c14b5d7a0e60629bf761,0x14d1565e4ab56f22d4f1ea0ef735a6057623e3287b37b333b459d4d319835e8f,0x0000000000000000000000000000000000000000000000000000000000000000
erc20_permit_hashing,hash_static,cold,solc-0.8.36-viair-200,True,True,True,1127,135479,0x655e950c2b70bece96773905eee18833457f73ca9338c14b5d7a0e60629bf761,0x14d1565e4ab56f22d4f1ea0ef735a6057623e3287b37b333b459d4d319835e8f,0x0000000000000000000000000000000000000000000000000000000000000000
erc20_permit_hashing,use_nonce,cold,solar-gas-200,True,True,True,22898,105013,0x290decd9548b62a8d60345a988386fc84ba6bc95484008f6362f93160ef3e563,0x3e3399039f32b651885720dfd55db9a6a31c250cadd3c728672e6ebdb4bca75d,0x0000000000000000000000000000000000000000000000000000000000000000
erc20_permit_hashing,use_nonce,cold,solar-size-1,True,True,True,22938,109810,0x290decd9548b62a8d60345a988386fc84ba6bc95484008f6362f93160ef3e563,0x3e3399039f32b651885720dfd55db9a6a31c250cadd3c728672e6ebdb4bca75d,0x0000000000000000000000000000000000000000000000000000000000000000
erc20_permit_hashing,use_nonce,cold,solc-0.8.36-legacy-200,True,True,True,23193,155097,0x290decd9548b62a8d60345a988386fc84ba6bc95484008f6362f93160ef3e563,0x3e3399039f32b651885720dfd55db9a6a31c250cadd3c728672e6ebdb4bca75d,0x0000000000000000000000000000000000000000000000000000000000000000
erc20_permit_hashing,use_nonce,cold,solc-0.8.36-viair-200,True,True,True,22988,135479,0x290decd9548b62a8d60345a988386fc84ba6bc95484008f6362f93160ef3e563,0x3e3399039f32b651885720dfd55db9a6a31c250cadd3c728672e6ebdb4bca75d,0x0000000000000000000000000000000000000000000000000000000000000000
merkle_verifier,hash_pair,cold,solar-gas-200,True,True,True,674,77781,0x8606a2cecc10d90a6f8a3a614b2fc8798f30d331c1526ba447b89dbd32dd528e,0x0000000000000000000000000000000000000000000000000000000000000000,0x0000000000000000000000000000000000000000000000000000000000000000
merkle_verifier,hash_pair,cold,solar-size-1,True,True,True,674,80183,0x8606a2cecc10d90a6f8a3a614b2fc8798f30d331c1526ba447b89dbd32dd528e,0x0000000000000000000000000000000000000000000000000000000000000000,0x0000000000000000000000000000000000000000000000000000000000000000
merkle_verifier,hash_pair,cold,solc-0.8.36-legacy-200,True,True,True,916,146481,0x8606a2cecc10d90a6f8a3a614b2fc8798f30d331c1526ba447b89dbd32dd528e,0x0000000000000000000000000000000000000000000000000000000000000000,0x0000000000000000000000000000000000000000000000000000000000000000
merkle_verifier,hash_pair,cold,solc-0.8.36-viair-200,True,True,True,860,119846,0x8606a2cecc10d90a6f8a3a614b2fc8798f30d331c1526ba447b89dbd32dd528e,0x0000000000000000000000000000000000000000000000000000000000000000,0x0000000000000000000000000000000000000000000000000000000000000000
merkle_verifier,verify_empty_false,cold,solar-gas-200,True,True,True,725,77781,0x290decd9548b62a8d60345a988386fc84ba6bc95484008f6362f93160ef3e563,0x0000000000000000000000000000000000000000000000000000000000000000,0x0000000000000000000000000000000000000000000000000000000000000000
merkle_verifier,verify_empty_false,cold,solar-size-1,True,True,True,752,80183,0x290decd9548b62a8d60345a988386fc84ba6bc95484008f6362f93160ef3e563,0x0000000000000000000000000000000000000000000000000000000000000000,0x0000000000000000000000000000000000000000000000000000000000000000
merkle_verifier,verify_empty_false,cold,solc-0.8.36-legacy-200,True,True,True,990,146481,0x290decd9548b62a8d60345a988386fc84ba6bc95484008f6362f93160ef3e563,0x0000000000000000000000000000000000000000000000000000000000000000,0x0000000000000000000000000000000000000000000000000000000000000000
merkle_verifier,verify_empty_false,cold,solc-0.8.36-viair-200,True,True,True,804,119846,0x290decd9548b62a8d60345a988386fc84ba6bc95484008f6362f93160ef3e563,0x0000000000000000000000000000000000000000000000000000000000000000,0x0000000000000000000000000000000000000000000000000000000000000000
merkle_verifier,verify_proof_16,warm,solar-gas-200,True,True,True,3752,77781,0xb10e2d527612073b26eecdfd717e6a320cf44b4afac2b0732d9fcbe2b7fa0cf6,0x0000000000000000000000000000000000000000000000000000000000000000,0x0000000000000000000000000000000000000000000000000000000000000000
merkle_verifier,verify_proof_16,warm,solar-size-1,True,True,True,3908,80183,0xb10e2d527612073b26eecdfd717e6a320cf44b4afac2b0732d9fcbe2b7fa0cf6,0x0000000000000000000000000000000000000000000000000000000000000000,0x0000000000000000000000000000000000000000000000000000000000000000
merkle_verifier,verify_proof_16,warm,solc-0.8.36-legacy-200,True,True,True,5637,146481,0xb10e2d527612073b26eecdfd717e6a320cf44b4afac2b0732d9fcbe2b7fa0cf6,0x0000000000000000000000000000000000000000000000000000000000000000,0x0000000000000000000000000000000000000000000000000000000000000000
merkle_verifier,verify_proof_16,warm,solc-0.8.36-viair-200,True,True,True,5828,119846,0xb10e2d527612073b26eecdfd717e6a320cf44b4afac2b0732d9fcbe2b7fa0cf6,0x0000000000000000000000000000000000000000000000000000000000000000,0x0000000000000000000000000000000000000000000000000000000000000000
merkle_verifier,verify_proof_16_false,warm,solar-gas-200,True,True,True,3751,77781,0x290decd9548b62a8d60345a988386fc84ba6bc95484008f6362f93160ef3e563,0x0000000000000000000000000000000000000000000000000000000000000000,0x0000000000000000000000000000000000000000000000000000000000000000
merkle_verifier,verify_proof_16_false,warm,solar-size-1,True,True,True,3906,80183,0x290decd9548b62a8d60345a988386fc84ba6bc95484008f6362f93160ef3e563,0x0000000000000000000000000000000000000000000000000000000000000000,0x0000000000000000000000000000000000000000000000000000000000000000
merkle_verifier,verify_proof_16_false,warm,solc-0.8.36-legacy-200,True,True,True,5635,146481,0x290decd9548b62a8d60345a988386fc84ba6bc95484008f6362f93160ef3e563,0x0000000000000000000000000000000000000000000000000000000000000000,0x0000000000000000000000000000000000000000000000000000000000000000
merkle_verifier,verify_proof_16_false,warm,solc-0.8.36-viair-200,True,True,True,5826,119846,0x290decd9548b62a8d60345a988386fc84ba6bc95484008f6362f93160ef3e563,0x0000000000000000000000000000000000000000000000000000000000000000,0x0000000000000000000000000000000000000000000000000000000000000000
merkle_verifier,verify_proof_8,warm,solar-gas-200,True,True,True,2219,77781,0xb10e2d527612073b26eecdfd717e6a320cf44b4afac2b0732d9fcbe2b7fa0cf6,0x0000000000000000000000000000000000000000000000000000000000000000,0x0000000000000000000000000000000000000000000000000000000000000000
merkle_verifier,verify_proof_8,warm,solar-size-1,True,True,True,2310,80183,0xb10e2d527612073b26eecdfd717e6a320cf44b4afac2b0732d9fcbe2b7fa0cf6,0x0000000000000000000000000000000000000000000000000000000000000000,0x0000000000000000000000000000000000000000000000000000000000000000
merkle_verifier,verify_proof_8,warm,solc-0.8.36-legacy-200,True,True,True,3321,146481,0xb10e2d527612073b26eecdfd717e6a320cf44b4afac2b0732d9fcbe2b7fa0cf6,0x0000000000000000000000000000000000000000000000000000000000000000,0x0000000000000000000000000000000000000000000000000000000000000000
merkle_verifier,verify_proof_8,warm,solc-0.8.36-viair-200,True,True,True,3330,119846,0xb10e2d527612073b26eecdfd717e6a320cf44b4afac2b0732d9fcbe2b7fa0cf6,0x0000000000000000000000000000000000000000000000000000000000000000,0x0000000000000000000000000000000000000000000000000000000000000000
merkle_verifier,verify_single,warm,solar-gas-200,True,True,True,904,77781,0xb10e2d527612073b26eecdfd717e6a320cf44b4afac2b0732d9fcbe2b7fa0cf6,0x0000000000000000000000000000000000000000000000000000000000000000,0x0000000000000000000000000000000000000000000000000000000000000000
merkle_verifier,verify_single,warm,solar-size-1,True,True,True,940,80183,0xb10e2d527612073b26eecdfd717e6a320cf44b4afac2b0732d9fcbe2b7fa0cf6,0x0000000000000000000000000000000000000000000000000000000000000000,0x0000000000000000000000000000000000000000000000000000000000000000
merkle_verifier,verify_single,warm,solc-0.8.36-legacy-200,True,True,True,1285,146481,0xb10e2d527612073b26eecdfd717e6a320cf44b4afac2b0732d9fcbe2b7fa0cf6,0x0000000000000000000000000000000000000000000000000000000000000000,0x0000000000000000000000000000000000000000000000000000000000000000
merkle_verifier,verify_single,warm,solc-0.8.36-viair-200,True,True,True,1126,119846,0xb10e2d527612073b26eecdfd717e6a320cf44b4afac2b0732d9fcbe2b7fa0cf6,0x0000000000000000000000000000000000000000000000000000000000000000,0x0000000000000000000000000000000000000000000000000000000000000000
ownable_pausable,guarded_increment,cold,solar-gas-200,True,True,True,24948,169111,0xb10e2d527612073b26eecdfd717e6a320cf44b4afac2b0732d9fcbe2b7fa0cf6,0xce86b7ce1c66c6809b39800e7fff9ffd677bacf1fb58511138f78e93f2055cfe,0x0000000000000000000000000000000000000000000000000000000000000000
ownable_pausable,guarded_increment,cold,solar-size-1,True,True,True,25019,158692,0xb10e2d527612073b26eecdfd717e6a320cf44b4afac2b0732d9fcbe2b7fa0cf6,0xce86b7ce1c66c6809b39800e7fff9ffd677bacf1fb58511138f78e93f2055cfe,0x0000000000000000000000000000000000000000000000000000000000000000
ownable_pausable,guarded_increment,cold,solc-0.8.36-legacy-200,True,True,True,25135,232433,0xb10e2d527612073b26eecdfd717e6a320cf44b4afac2b0732d9fcbe2b7fa0cf6,0xce86b7ce1c66c6809b39800e7fff9ffd677bacf1fb58511138f78e93f2055cfe,0x0000000000000000000000000000000000000000000000000000000000000000
ownable_pausable,guarded_increment,cold,solc-0.8.36-viair-200,True,True,True,24970,205392,0xb10e2d527612073b26eecdfd717e6a320cf44b4afac2b0732d9fcbe2b7fa0cf6,0xce86b7ce1c66c6809b39800e7fff9ffd677bacf1fb58511138f78e93f2055cfe,0x0000000000000000000000000000000000000000000000000000000000000000
ownable_pausable,non_owner_pause_revert,cold,solar-gas-200,False,False,True,3814,169111,0xea6f8ab235c9532e21ccac4f56c9de540dfc912d367cff743555295dc0643dd1,0x71827b73ab8679feeb875227cd39ccf6b4ab7638b77fd3df625482b24000e97a,0x0000000000000000000000000000000000000000000000000000000000000000
ownable_pausable,non_owner_pause_revert,cold,solar-size-1,False,False,True,3841,158692,0xea6f8ab235c9532e21ccac4f56c9de540dfc912d367cff743555295dc0643dd1,0x71827b73ab8679feeb875227cd39ccf6b4ab7638b77fd3df625482b24000e97a,0x0000000000000000000000000000000000000000000000000000000000000000
ownable_pausable,non_owner_pause_revert,cold,solc-0.8.36-legacy-200,False,False,True,3927,232433,0xea6f8ab235c9532e21ccac4f56c9de540dfc912d367cff743555295dc0643dd1,0x71827b73ab8679feeb875227cd39ccf6b4ab7638b77fd3df625482b24000e97a,0x0000000000000000000000000000000000000000000000000000000000000000
ownable_pausable,non_owner_pause_revert,cold,solc-0.8.36-viair-200,False,False,True,3946,205392,0xea6f8ab235c9532e21ccac4f56c9de540dfc912d367cff743555295dc0643dd1,0x71827b73ab8679feeb875227cd39ccf6b4ab7638b77fd3df625482b24000e97a,0x0000000000000000000000000000000000000000000000000000000000000000
ownable_pausable,pause,warm,solar-gas-200,True,True,True,21979,169111,0xb10e2d527612073b26eecdfd717e6a320cf44b4afac2b0732d9fcbe2b7fa0cf6,0xe7c876f36ee461725649cbdbc0700fe8d859d90bb0c21df96e4efcb80ca65fa8,0x0000000000000000000000000000000000000000000000000000000000000000
ownable_pausable,pause,warm,solar-size-1,True,True,True,22006,158692,0xb10e2d527612073b26eecdfd717e6a320cf44b4afac2b0732d9fcbe2b7fa0cf6,0xe7c876f36ee461725649cbdbc0700fe8d859d90bb0c21df96e4efcb80ca65fa8,0x0000000000000000000000000000000000000000000000000000000000000000
ownable_pausable,pause,warm,solc-0.8.36-legacy-200,True,True,True,22067,232433,0xb10e2d527612073b26eecdfd717e6a320cf44b4afac2b0732d9fcbe2b7fa0cf6,0xe7c876f36ee461725649cbdbc0700fe8d859d90bb0c21df96e4efcb80ca65fa8,0x0000000000000000000000000000000000000000000000000000000000000000
ownable_pausable,pause,warm,solc-0.8.36-viair-200,True,True,True,22083,205392,0xb10e2d527612073b26eecdfd717e6a320cf44b4afac2b0732d9fcbe2b7fa0cf6,0xe7c876f36ee461725649cbdbc0700fe8d859d90bb0c21df96e4efcb80ca65fa8,0x0000000000000000000000000000000000000000000000000000000000000000
ownable_pausable,paused_revert,mixed,solar-gas-200,False,False,True,773,169111,0xe22341f44e86f25c5c321e84b073115691ca003ce78a84908ea790a6b31fc221,0xe7c876f36ee461725649cbdbc0700fe8d859d90bb0c21df96e4efcb80ca65fa8,0x0000000000000000000000000000000000000000000000000000000000000000
ownable_pausable,paused_revert,mixed,solar-size-1,False,False,True,844,158692,0xe22341f44e86f25c5c321e84b073115691ca003ce78a84908ea790a6b31fc221,0xe7c876f36ee461725649cbdbc0700fe8d859d90bb0c21df96e4efcb80ca65fa8,0x0000000000000000000000000000000000000000000000000000000000000000
ownable_pausable,paused_revert,mixed,solc-0.8.36-legacy-200,False,False,True,900,232433,0xe22341f44e86f25c5c321e84b073115691ca003ce78a84908ea790a6b31fc221,0xe7c876f36ee461725649cbdbc0700fe8d859d90bb0c21df96e4efcb80ca65fa8,0x0000000000000000000000000000000000000000000000000000000000000000
ownable_pausable,paused_revert,mixed,solc-0.8.36-viair-200,False,False,True,916,205392,0xe22341f44e86f25c5c321e84b073115691ca003ce78a84908ea790a6b31fc221,0xe7c876f36ee461725649cbdbc0700fe8d859d90bb0c21df96e4efcb80ca65fa8,0x0000000000000000000000000000000000000000000000000000000000000000
scale_abi_args_1,sum_args,cold,solar-gas-200,True,True,True,552,40333,0xb10e2d527612073b26eecdfd717e6a320cf44b4afac2b0732d9fcbe2b7fa0cf6,0x0000000000000000000000000000000000000000000000000000000000000000,0x0000000000000000000000000000000000000000000000000000000000000000
scale_abi_args_1,sum_args,cold,solar-size-1,True,True,True,552,40333,0xb10e2d527612073b26eecdfd717e6a320cf44b4afac2b0732d9fcbe2b7fa0cf6,0x0000000000000000000000000000000000000000000000000000000000000000,0x0000000000000000000000000000000000000000000000000000000000000000
scale_abi_args_1,sum_args,cold,solc-0.8.36-legacy-200,True,True,True,683,51350,0xb10e2d527612073b26eecdfd717e6a320cf44b4afac2b0732d9fcbe2b7fa0cf6,0x0000000000000000000000000000000000000000000000000000000000000000,0x0000000000000000000000000000000000000000000000000000000000000000
scale_abi_args_1,sum_args,cold,solc-0.8.36-viair-200,True,True,True,596,44961,0xb10e2d527612073b26eecdfd717e6a320cf44b4afac2b0732d9fcbe2b7fa0cf6,0x0000000000000000000000000000000000000000000000000000000000000000,0x0000000000000000000000000000000000000000000000000000000000000000
scale_abi_args_16,sum_args,cold,solar-gas-200,True,True,True,1064,79570,0x7ef464cf5a521d70c933977510816a0355b91a50eca2778837fb82da8448ecf6,0x0000000000000000000000000000000000000000000000000000000000000000,0x0000000000000000000000000000000000000000000000000000000000000000
scale_abi_args_16,sum_args,cold,solar-size-1,True,True,True,1064,79570,0x7ef464cf5a521d70c933977510816a0355b91a50eca2778837fb82da8448ecf6,0x0000000000000000000000000000000000000000000000000000000000000000,0x0000000000000000000000000000000000000000000000000000000000000000
scale_abi_args_16,sum_args,cold,solc-0.8.36-viair-200,True,True,True,1559,70193,0x7ef464cf5a521d70c933977510816a0355b91a50eca2778837fb82da8448ecf6,0x0000000000000000000000000000000000000000000000000000000000000000,0x0000000000000000000000000000000000000000000000000000000000000000
scale_abi_args_2,sum_args,cold,solar-gas-200,True,True,True,586,46741,0xc2575a0e9e593c00f959f8c92f12db2869c3395a3b0502d05e2516446f71f85b,0x0000000000000000000000000000000000000000000000000000000000000000,0x0000000000000000000000000000000000000000000000000000000000000000
scale_abi_args_2,sum_args,cold,solar-size-1,True,True,True,586,46741,0xc2575a0e9e593c00f959f8c92f12db2869c3395a3b0502d05e2516446f71f85b,0x0000000000000000000000000000000000000000000000000000000000000000,0x0000000000000000000000000000000000000000000000000000000000000000
scale_abi_args_2,sum_args,cold,solc-0.8.36-legacy-200,True,True,True,807,62966,0xc2575a0e9e593c00f959f8c92f12db2869c3395a3b0502d05e2516446f71f85b,0x0000000000000000000000000000000000000000000000000000000000000000,0x0000000000000000000000000000000000000000000000000000000000000000
scale_abi_args_2,sum_args,cold,solc-0.8.36-viair-200,True,True,True,633,51369,0xc2575a0e9e593c00f959f8c92f12db2869c3395a3b0502d05e2516446f71f85b,0x0000000000000000000000000000000000000000000000000000000000000000,0x0000000000000000000000000000000000000000000000000000000000000000
scale_abi_args_32,sum_args,cold,solar-gas-200,True,True,True,1608,118018,0xefc5894d9c58e1009579aef75505f95d14925d23138ba726bcae9b3c1d76e5bc,0x0000000000000000000000000000000000000000000000000000000000000000,0x0000000000000000000000000000000000000000000000000000000000000000
scale_abi_args_32,sum_args,cold,solar-size-1,True,True,True,1608,118018,0xefc5894d9c58e1009579aef75505f95d14925d23138ba726bcae9b3c1d76e5bc,0x0000000000000000000000000000000000000000000000000000000000000000,0x0000000000000000000000000000000000000000000000000000000000000000
scale_abi_args_32,sum_args,cold,solc-0.8.36-viair-200,True,True,True,2584,97031,0xefc5894d9c58e1009579aef75505f95d14925d23138ba726bcae9b3c1d76e5bc,0x0000000000000000000000000000000000000000000000000000000000000000,0x0000000000000000000000000000000000000000000000000000000000000000
scale_abi_args_4,sum_args,cold,solar-gas-200,True,True,True,656,51343,0xc65a7bb8d6351c1cf70c95a316cc6a92839c986682d98bc35f958f4883f9d2a8,0x0000000000000000000000000000000000000000000000000000000000000000,0x0000000000000000000000000000000000000000000000000000000000000000
scale_abi_args_4,sum_args,cold,solar-size-1,True,True,True,656,51343,0xc65a7bb8d6351c1cf70c95a316cc6a92839c986682d98bc35f958f4883f9d2a8,0x0000000000000000000000000000000000000000000000000000000000000000,0x0000000000000000000000000000000000000000000000000000000000000000
scale_abi_args_4,sum_args,cold,solc-0.8.36-legacy-200,True,True,True,998,70780,0xc65a7bb8d6351c1cf70c95a316cc6a92839c986682d98bc35f958f4883f9d2a8,0x0000000000000000000000000000000000000000000000000000000000000000,0x0000000000000000000000000000000000000000000000000000000000000000
scale_abi_args_4,sum_args,cold,solc-0.8.36-viair-200,True,True,True,792,56377,0xc65a7bb8d6351c1cf70c95a316cc6a92839c986682d98bc35f958f4883f9d2a8,0x0000000000000000000000000000000000000000000000000000000000000000,0x0000000000000000000000000000000000000000000000000000000000000000
scale_abi_args_64,sum_args,cold,solar-gas-200,True,True,True,2697,194915,0xba76bc1199e84645f474c646893d86289a04a2797c235d5d6ea403024260fb9e,0x0000000000000000000000000000000000000000000000000000000000000000,0x0000000000000000000000000000000000000000000000000000000000000000
scale_abi_args_64,sum_args,cold,solar-size-1,True,True,True,2697,194915,0xba76bc1199e84645f474c646893d86289a04a2797c235d5d6ea403024260fb9e,0x0000000000000000000000000000000000000000000000000000000000000000,0x0000000000000000000000000000000000000000000000000000000000000000
scale_abi_args_64,sum_args,cold,solc-0.8.36-viair-200,True,True,True,4633,141887,0xba76bc1199e84645f474c646893d86289a04a2797c235d5d6ea403024260fb9e,0x0000000000000000000000000000000000000000000000000000000000000000,0x0000000000000000000000000000000000000000000000000000000000000000
scale_abi_args_8,sum_args,cold,solar-gas-200,True,True,True,792,60357,0x7cd332d19b93bcabe3cce7ca0c18a052f57e5fd03b4758a09f30f5ddc4b22ec4,0x0000000000000000000000000000000000000000000000000000000000000000,0x0000000000000000000000000000000000000000000000000000000000000000
scale_abi_args_8,sum_args,cold,solar-size-1,True,True,True,792,60357,0x7cd332d19b93bcabe3cce7ca0c18a052f57e5fd03b4758a09f30f5ddc4b22ec4,0x0000000000000000000000000000000000000000000000000000000000000000,0x0000000000000000000000000000000000000000000000000000000000000000
scale_abi_args_8,sum_args,cold,solc-0.8.36-legacy-200,True,True,True,1400,90415,0x7cd332d19b93bcabe3cce7ca0c18a052f57e5fd03b4758a09f30f5ddc4b22ec4,0x0000000000000000000000000000000000000000000000000000000000000000,0x0000000000000000000000000000000000000000000000000000000000000000
scale_abi_args_8,sum_args,cold,solc-0.8.36-viair-200,True,True,True,1048,60585,0x7cd332d19b93bcabe3cce7ca0c18a052f57e5fd03b4758a09f30f5ddc4b22ec4,0x0000000000000000000000000000000000000000000000000000000000000000,0x0000000000000000000000000000000000000000000000000000000000000000
scale_dispatch_1,first_selector,cold,solar-gas-200,True,True,True,584,47941,0x290decd9548b62a8d60345a988386fc84ba6bc95484008f6362f93160ef3e563,0x0000000000000000000000000000000000000000000000000000000000000000,0x0000000000000000000000000000000000000000000000000000000000000000
scale_dispatch_1,first_selector,cold,solar-size-1,True,True,True,584,47941,0x290decd9548b62a8d60345a988386fc84ba6bc95484008f6362f93160ef3e563,0x0000000000000000000000000000000000000000000000000000000000000000,0x0000000000000000000000000000000000000000000000000000000000000000
scale_dispatch_1,first_selector,cold,solc-0.8.36-legacy-200,True,True,True,650,58564,0x290decd9548b62a8d60345a988386fc84ba6bc95484008f6362f93160ef3e563,0x0000000000000000000000000000000000000000000000000000000000000000,0x0000000000000000000000000000000000000000000000000000000000000000
scale_dispatch_1,first_selector,cold,solc-0.8.36-viair-200,True,True,True,643,59985,0x290decd9548b62a8d60345a988386fc84ba6bc95484008f6362f93160ef3e563,0x0000000000000000000000000000000000000000000000000000000000000000,0x0000000000000000000000000000000000000000000000000000000000000000
scale_dispatch_1,set_sink,warm,solar-gas-200,True,True,True,20573,47941,0xd86d8a3f7c82c89ed8e04140017aa108a0a1469249f92c8f022b9dbafa87b883,0xff39506509de8bd97f85280d70345626bbfedd618ecd7f7a4cea143171bab6bc,0x0000000000000000000000000000000000000000000000000000000000000000
scale_dispatch_1,set_sink,warm,solar-size-1,True,True,True,20573,47941,0xd86d8a3f7c82c89ed8e04140017aa108a0a1469249f92c8f022b9dbafa87b883,0xff39506509de8bd97f85280d70345626bbfedd618ecd7f7a4cea143171bab6bc,0x0000000000000000000000000000000000000000000000000000000000000000
scale_dispatch_1,set_sink,warm,solc-0.8.36-legacy-200,True,True,True,20691,58564,0xd86d8a3f7c82c89ed8e04140017aa108a0a1469249f92c8f022b9dbafa87b883,0xff39506509de8bd97f85280d70345626bbfedd618ecd7f7a4cea143171bab6bc,0x0000000000000000000000000000000000000000000000000000000000000000
scale_dispatch_1,set_sink,warm,solc-0.8.36-viair-200,True,True,True,20608,59985,0xd86d8a3f7c82c89ed8e04140017aa108a0a1469249f92c8f022b9dbafa87b883,0xff39506509de8bd97f85280d70345626bbfedd618ecd7f7a4cea143171bab6bc,0x0000000000000000000000000000000000000000000000000000000000000000
scale_dispatch_16,first_selector,cold,solar-gas-200,True,True,True,597,116429,0x290decd9548b62a8d60345a988386fc84ba6bc95484008f6362f93160ef3e563,0x0000000000000000000000000000000000000000000000000000000000000000,0x0000000000000000000000000000000000000000000000000000000000000000
scale_dispatch_16,first_selector,cold,solar-size-1,True,True,True,914,98405,0x290decd9548b62a8d60345a988386fc84ba6bc95484008f6362f93160ef3e563,0x0000000000000000000000000000000000000000000000000000000000000000,0x0000000000000000000000000000000000000000000000000000000000000000
scale_dispatch_16,first_selector,cold,solc-0.8.36-legacy-200,True,True,True,738,123046,0x290decd9548b62a8d60345a988386fc84ba6bc95484008f6362f93160ef3e563,0x0000000000000000000000000000000000000000000000000000000000000000,0x0000000000000000000000000000000000000000000000000000000000000000
scale_dispatch_16,first_selector,cold,solc-0.8.36-viair-200,True,True,True,973,176330,0x290decd9548b62a8d60345a988386fc84ba6bc95484008f6362f93160ef3e563,0x0000000000000000000000000000000000000000000000000000000000000000,0x0000000000000000000000000000000000000000000000000000000000000000
scale_dispatch_16,last_selector,cold,solar-gas-200,True,True,True,576,116429,0x8d1108e10bcb7c27dddfc02ed9d693a074039d026cf4ea4240b40f7d581ac802,0x0000000000000000000000000000000000000000000000000000000000000000,0x0000000000000000000000000000000000000000000000000000000000000000
scale_dispatch_16,last_selector,cold,solar-size-1,True,True,True,695,98405,0x8d1108e10bcb7c27dddfc02ed9d693a074039d026cf4ea4240b40f7d581ac802,0x0000000000000000000000000000000000000000000000000000000000000000,0x0000000000000000000000000000000000000000000000000000000000000000
scale_dispatch_16,last_selector,cold,solc-0.8.36-legacy-200,True,True,True,718,123046,0x8d1108e10bcb7c27dddfc02ed9d693a074039d026cf4ea4240b40f7d581ac802,0x0000000000000000000000000000000000000000000000000000000000000000,0x0000000000000000000000000000000000000000000000000000000000000000
scale_dispatch_16,last_selector,cold,solc-0.8.36-viair-200,True,True,True,757,176330,0x8d1108e10bcb7c27dddfc02ed9d693a074039d026cf4ea4240b40f7d581ac802,0x0000000000000000000000000000000000000000000000000000000000000000,0x0000000000000000000000000000000000000000000000000000000000000000
scale_dispatch_16,set_sink,warm,solar-gas-200,True,True,True,20608,116429,0xd86d8a3f7c82c89ed8e04140017aa108a0a1469249f92c8f022b9dbafa87b883,0xff39506509de8bd97f85280d70345626bbfedd618ecd7f7a4cea143171bab6bc,0x0000000000000000000000000000000000000000000000000000000000000000
scale_dispatch_16,set_sink,warm,solar-size-1,True,True,True,20661,98405,0xd86d8a3f7c82c89ed8e04140017aa108a0a1469249f92c8f022b9dbafa87b883,0xff39506509de8bd97f85280d70345626bbfedd618ecd7f7a4cea143171bab6bc,0x0000000000000000000000000000000000000000000000000000000000000000
scale_dispatch_16,set_sink,warm,solc-0.8.36-legacy-200,True,True,True,20737,123046,0xd86d8a3f7c82c89ed8e04140017aa108a0a1469249f92c8f022b9dbafa87b883,0xff39506509de8bd97f85280d70345626bbfedd618ecd7f7a4cea143171bab6bc,0x0000000000000000000000000000000000000000000000000000000000000000
scale_dispatch_16,set_sink,warm,solc-0.8.36-viair-200,True,True,True,20704,176330,0xd86d8a3f7c82c89ed8e04140017aa108a0a1469249f92c8f022b9dbafa87b883,0xff39506509de8bd97f85280d70345626bbfedd618ecd7f7a4cea143171bab6bc,0x0000000000000000000000000000000000000000000000000000000000000000
scale_dispatch_2,first_selector,cold,solar-gas-200,True,True,True,606,51143,0x290decd9548b62a8d60345a988386fc84ba6bc95484008f6362f93160ef3e563,0x0000000000000000000000000000000000000000000000000000000000000000,0x0000000000000000000000000000000000000000000000000000000000000000
scale_dispatch_2,first_selector,cold,solar-size-1,True,True,True,606,51143,0x290decd9548b62a8d60345a988386fc84ba6bc95484008f6362f93160ef3e563,0x0000000000000000000000000000000000000000000000000000000000000000,0x0000000000000000000000000000000000000000000000000000000000000000
scale_dispatch_2,first_selector,cold,solc-0.8.36-legacy-200,True,True,True,672,61177,0x290decd9548b62a8d60345a988386fc84ba6bc95484008f6362f93160ef3e563,0x0000000000000000000000000000000000000000000000000000000000000000,0x0000000000000000000000000000000000000000000000000000000000000000
scale_dispatch_2,first_selector,cold,solc-0.8.36-viair-200,True,True,True,665,67182,0x290decd9548b62a8d60345a988386fc84ba6bc95484008f6362f93160ef3e563,0x0000000000000000000000000000000000000000000000000000000000000000,0x0000000000000000000000000000000000000000000000000000000000000000
scale_dispatch_2,last_selector,cold,solar-gas-200,True,True,True,541,51143,0xb10e2d527612073b26eecdfd717e6a320cf44b4afac2b0732d9fcbe2b7fa0cf6,0x0000000000000000000000000000000000000000000000000000000000000000,0x0000000000000000000000000000000000000000000000000000000000000000
scale_dispatch_2,last_selector,cold,solar-size-1,True,True,True,541,51143,0xb10e2d527612073b26eecdfd717e6a320cf44b4afac2b0732d9fcbe2b7fa0cf6,0x0000000000000000000000000000000000000000000000000000000000000000,0x0000000000000000000000000000000000000000000000000000000000000000
scale_dispatch_2,last_selector,cold,solc-0.8.36-legacy-200,True,True,True,596,61177,0xb10e2d527612073b26eecdfd717e6a320cf44b4afac2b0732d9fcbe2b7fa0cf6,0x0000000000000000000000000000000000000000000000000000000000000000,0x0000000000000000000000000000000000000000000000000000000000000000
scale_dispatch_2,last_selector,cold,solc-0.8.36-viair-200,True,True,True,598,67182,0xb10e2d527612073b26eecdfd717e6a320cf44b4afac2b0732d9fcbe2b7fa0cf6,0x0000000000000000000000000000000000000000000000000000000000000000,0x0000000000000000000000000000000000000000000000000000000000000000
scale_dispatch_2,set_sink,warm,solar-gas-200,True,True,True,20595,51143,0xd86d8a3f7c82c89ed8e04140017aa108a0a1469249f92c8f022b9dbafa87b883,0xff39506509de8bd97f85280d70345626bbfedd618ecd7f7a4cea143171bab6bc,0x0000000000000000000000000000000000000000000000000000000000000000
scale_dispatch_2,set_sink,warm,solar-size-1,True,True,True,20595,51143,0xd86d8a3f7c82c89ed8e04140017aa108a0a1469249f92c8f022b9dbafa87b883,0xff39506509de8bd97f85280d70345626bbfedd618ecd7f7a4cea143171bab6bc,0x0000000000000000000000000000000000000000000000000000000000000000
scale_dispatch_2,set_sink,warm,solc-0.8.36-legacy-200,True,True,True,20714,61177,0xd86d8a3f7c82c89ed8e04140017aa108a0a1469249f92c8f022b9dbafa87b883,0xff39506509de8bd97f85280d70345626bbfedd618ecd7f7a4cea143171bab6bc,0x0000000000000000000000000000000000000000000000000000000000000000
scale_dispatch_2,set_sink,warm,solc-0.8.36-viair-200,True,True,True,20638,67182,0xd86d8a3f7c82c89ed8e04140017aa108a0a1469249f92c8f022b9dbafa87b883,0xff39506509de8bd97f85280d70345626bbfedd618ecd7f7a4cea143171bab6bc,0x0000000000000000000000000000000000000000000000000000000000000000
scale_dispatch_32,first_selector,cold,solar-gas-200,True,True,True,651,186918,0x290decd9548b62a8d60345a988386fc84ba6bc95484008f6362f93160ef3e563,0x0000000000000000000000000000000000000000000000000000000000000000,0x0000000000000000000000000000000000000000000000000000000000000000
scale_dispatch_32,first_selector,cold,solar-size-1,True,True,True,1201,161085,0x290decd9548b62a8d60345a988386fc84ba6bc95484008f6362f93160ef3e563,0x0000000000000000000000000000000000000000000000000000000000000000,0x0000000000000000000000000000000000000000000000000000000000000000
scale_dispatch_32,first_selector,cold,solc-0.8.36-legacy-200,True,True,True,694,192744,0x290decd9548b62a8d60345a988386fc84ba6bc95484008f6362f93160ef3e563,0x0000000000000000000000000000000000000000000000000000000000000000,0x0000000000000000000000000000000000000000000000000000000000000000
scale_dispatch_32,first_selector,cold,solc-0.8.36-viair-200,True,True,True,1262,298074,0x290decd9548b62a8d60345a988386fc84ba6bc95484008f6362f93160ef3e563,0x0000000000000000000000000000000000000000000000000000000000000000,0x0000000000000000000000000000000000000000000000000000000000000000
scale_dispatch_32,last_selector,cold,solar-gas-200,True,True,True,674,186918,0xa03837a25210ee280c2113ff4b77ca23440b19d4866cca721c801278fd08d807,0x0000000000000000000000000000000000000000000000000000000000000000,0x0000000000000000000000000000000000000000000000000000000000000000
scale_dispatch_32,last_selector,cold,solar-size-1,True,True,True,1158,161085,0xa03837a25210ee280c2113ff4b77ca23440b19d4866cca721c801278fd08d807,0x0000000000000000000000000000000000000000000000000000000000000000,0x0000000000000000000000000000000000000000000000000000000000000000
scale_dispatch_32,last_selector,cold,solc-0.8.36-legacy-200,True,True,True,740,192744,0xa03837a25210ee280c2113ff4b77ca23440b19d4866cca721c801278fd08d807,0x0000000000000000000000000000000000000000000000000000000000000000,0x0000000000000000000000000000000000000000000000000000000000000000
scale_dispatch_32,last_selector,cold,solc-0.8.36-viair-200,True,True,True,1219,298074,0xa03837a25210ee280c2113ff4b77ca23440b19d4866cca721c801278fd08d807,0x0000000000000000000000000000000000000000000000000000000000000000,0x0000000000000000000000000000000000000000000000000000000000000000
scale_dispatch_32,set_sink,warm,solar-gas-200,True,True,True,20663,186918,0xd86d8a3f7c82c89ed8e04140017aa108a0a1469249f92c8f022b9dbafa87b883,0xff39506509de8bd97f85280d70345626bbfedd618ecd7f7a4cea143171bab6bc,0x0000000000000000000000000000000000000000000000000000000000000000
scale_dispatch_32,set_sink,warm,solar-size-1,True,True,True,20771,161085,0xd86d8a3f7c82c89ed8e04140017aa108a0a1469249f92c8f022b9dbafa87b883,0xff39506509de8bd97f85280d70345626bbfedd618ecd7f7a4cea143171bab6bc,0x0000000000000000000000000000000000000000000000000000000000000000
scale_dispatch_32,set_sink,warm,solc-0.8.36-legacy-200,True,True,True,20781,192744,0xd86d8a3f7c82c89ed8e04140017aa108a0a1469249f92c8f022b9dbafa87b883,0xff39506509de8bd97f85280d70345626bbfedd618ecd7f7a4cea143171bab6bc,0x0000000000000000000000000000000000000000000000000000000000000000
scale_dispatch_32,set_sink,warm,solc-0.8.36-viair-200,True,True,True,20814,298074,0xd86d8a3f7c82c89ed8e04140017aa108a0a1469249f92c8f022b9dbafa87b883,0xff39506509de8bd97f85280d70345626bbfedd618ecd7f7a4cea143171bab6bc,0x0000000000000000000000000000000000000000000000000000000000000000
scale_dispatch_4,first_selector,cold,solar-gas-200,True,True,True,606,60357,0x290decd9548b62a8d60345a988386fc84ba6bc95484008f6362f93160ef3e563,0x0000000000000000000000000000000000000000000000000000000000000000,0x0000000000000000000000000000000000000000000000000000000000000000
scale_dispatch_4,first_selector,cold,solar-size-1,True,True,True,650,57551,0x290decd9548b62a8d60345a988386fc84ba6bc95484008f6362f93160ef3e563,0x0000000000000000000000000000000000000000000000000000000000000000,0x0000000000000000000000000000000000000000000000000000000000000000
scale_dispatch_4,first_selector,cold,solc-0.8.36-legacy-200,True,True,True,716,67574,0x290decd9548b62a8d60345a988386fc84ba6bc95484008f6362f93160ef3e563,0x0000000000000000000000000000000000000000000000000000000000000000,0x0000000000000000000000000000000000000000000000000000000000000000
scale_dispatch_4,first_selector,cold,solc-0.8.36-viair-200,True,True,True,709,81209,0x290decd9548b62a8d60345a988386fc84ba6bc95484008f6362f93160ef3e563,0x0000000000000000000000000000000000000000000000000000000000000000,0x0000000000000000000000000000000000000000000000000000000000000000
scale_dispatch_4,last_selector,cold,solar-gas-200,True,True,True,563,60357,0xc2575a0e9e593c00f959f8c92f12db2869c3395a3b0502d05e2516446f71f85b,0x0000000000000000000000000000000000000000000000000000000000000000,0x0000000000000000000000000000000000000000000000000000000000000000
scale_dispatch_4,last_selector,cold,solar-size-1,True,True,True,607,57551,0xc2575a0e9e593c00f959f8c92f12db2869c3395a3b0502d05e2516446f71f85b,0x0000000000000000000000000000000000000000000000000000000000000000,0x0000000000000000000000000000000000000000000000000000000000000000
scale_dispatch_4,last_selector,cold,solc-0.8.36-legacy-200,True,True,True,673,67574,0xc2575a0e9e593c00f959f8c92f12db2869c3395a3b0502d05e2516446f71f85b,0x0000000000000000000000000000000000000000000000000000000000000000,0x0000000000000000000000000000000000000000000000000000000000000000
scale_dispatch_4,last_selector,cold,solc-0.8.36-viair-200,True,True,True,669,81209,0xc2575a0e9e593c00f959f8c92f12db2869c3395a3b0502d05e2516446f71f85b,0x0000000000000000000000000000000000000000000000000000000000000000,0x0000000000000000000000000000000000000000000000000000000000000000
scale_dispatch_4,set_sink,warm,solar-gas-200,True,True,True,20618,60357,0xd86d8a3f7c82c89ed8e04140017aa108a0a1469249f92c8f022b9dbafa87b883,0xff39506509de8bd97f85280d70345626bbfedd618ecd7f7a4cea143171bab6bc,0x0000000000000000000000000000000000000000000000000000000000000000
scale_dispatch_4,set_sink,warm,solar-size-1,True,True,True,20595,57551,0xd86d8a3f7c82c89ed8e04140017aa108a0a1469249f92c8f022b9dbafa87b883,0xff39506509de8bd97f85280d70345626bbfedd618ecd7f7a4cea143171bab6bc,0x0000000000000000000000000000000000000000000000000000000000000000
scale_dispatch_4,set_sink,warm,solc-0.8.36-legacy-200,True,True,True,20714,67574,0xd86d8a3f7c82c89ed8e04140017aa108a0a1469249f92c8f022b9dbafa87b883,0xff39506509de8bd97f85280d70345626bbfedd618ecd7f7a4cea143171bab6bc,0x0000000000000000000000000000000000000000000000000000000000000000
scale_dispatch_4,set_sink,warm,solc-0.8.36-viair-200,True,True,True,20637,81209,0xd86d8a3f7c82c89ed8e04140017aa108a0a1469249f92c8f022b9dbafa87b883,0xff39506509de8bd97f85280d70345626bbfedd618ecd7f7a4cea143171bab6bc,0x0000000000000000000000000000000000000000000000000000000000000000
scale_dispatch_64,first_selector,cold,solar-gas-200,True,True,True,672,296656,0x290decd9548b62a8d60345a988386fc84ba6bc95484008f6362f93160ef3e563,0x0000000000000000000000000000000000000000000000000000000000000000,0x0000000000000000000000000000000000000000000000000000000000000000
scale_dispatch_64,first_selector,cold,solar-size-1,True,True,True,1860,276431,0x290decd9548b62a8d60345a988386fc84ba6bc95484008f6362f93160ef3e563,0x0000000000000000000000000000000000000000000000000000000000000000,0x0000000000000000000000000000000000000000000000000000000000000000
scale_dispatch_64,first_selector,cold,solc-0.8.36-legacy-200,True,True,True,761,332106,0x290decd9548b62a8d60345a988386fc84ba6bc95484008f6362f93160ef3e563,0x0000000000000000000000000000000000000000000000000000000000000000,0x0000000000000000000000000000000000000000000000000000000000000000
scale_dispatch_64,first_selector,cold,solc-0.8.36-viair-200,True,True,True,1923,541398,0x290decd9548b62a8d60345a988386fc84ba6bc95484008f6362f93160ef3e563,0x0000000000000000000000000000000000000000000000000000000000000000,0x0000000000000000000000000000000000000000000000000000000000000000
scale_dispatch_64,last_selector,cold,solar-gas-200,True,True,True,719,296656,0xc03004e3ce0784bf68186394306849f9b7b1200073105cd9aeb554a1802b58fd,0x0000000000000000000000000000000000000000000000000000000000000000,0x0000000000000000000000000000000000000000000000000000000000000000
scale_dispatch_64,last_selector,cold,solar-size-1,True,True,True,1377,276431,0xc03004e3ce0784bf68186394306849f9b7b1200073105cd9aeb554a1802b58fd,0x0000000000000000000000000000000000000000000000000000000000000000,0x0000000000000000000000000000000000000000000000000000000000000000
scale_dispatch_64,last_selector,cold,solc-0.8.36-legacy-200,True,True,True,719,332106,0xc03004e3ce0784bf68186394306849f9b7b1200073105cd9aeb554a1802b58fd,0x0000000000000000000000000000000000000000000000000000000000000000,0x0000000000000000000000000000000000000000000000000000000000000000
scale_dispatch_64,last_selector,cold,solc-0.8.36-viair-200,True,True,True,1440,541398,0xc03004e3ce0784bf68186394306849f9b7b1200073105cd9aeb554a1802b58fd,0x0000000000000000000000000000000000000000000000000000000000000000,0x0000000000000000000000000000000000000000000000000000000000000000
scale_dispatch_64,set_sink,warm,solar-gas-200,True,True,True,20684,296656,0xd86d8a3f7c82c89ed8e04140017aa108a0a1469249f92c8f022b9dbafa87b883,0xff39506509de8bd97f85280d70345626bbfedd618ecd7f7a4cea143171bab6bc,0x0000000000000000000000000000000000000000000000000000000000000000
scale_dispatch_64,set_sink,warm,solar-size-1,True,True,True,21146,276431,0xd86d8a3f7c82c89ed8e04140017aa108a0a1469249f92c8f022b9dbafa87b883,0xff39506509de8bd97f85280d70345626bbfedd618ecd7f7a4cea143171bab6bc,0x0000000000000000000000000000000000000000000000000000000000000000
scale_dispatch_64,set_sink,warm,solc-0.8.36-legacy-200,True,True,True,20826,332106,0xd86d8a3f7c82c89ed8e04140017aa108a0a1469249f92c8f022b9dbafa87b883,0xff39506509de8bd97f85280d70345626bbfedd618ecd7f7a4cea143171bab6bc,0x0000000000000000000000000000000000000000000000000000000000000000
scale_dispatch_64,set_sink,warm,solc-0.8.36-viair-200,True,True,True,21187,541398,0xd86d8a3f7c82c89ed8e04140017aa108a0a1469249f92c8f022b9dbafa87b883,0xff39506509de8bd97f85280d70345626bbfedd618ecd7f7a4cea143171bab6bc,0x0000000000000000000000000000000000000000000000000000000000000000
scale_dispatch_8,first_selector,cold,solar-gas-200,True,True,True,619,79781,0x290decd9548b62a8d60345a988386fc84ba6bc95484008f6362f93160ef3e563,0x0000000000000000000000000000000000000000000000000000000000000000,0x0000000000000000000000000000000000000000000000000000000000000000
scale_dispatch_8,first_selector,cold,solar-size-1,True,True,True,738,70367,0x290decd9548b62a8d60345a988386fc84ba6bc95484008f6362f93160ef3e563,0x0000000000000000000000000000000000000000000000000000000000000000,0x0000000000000000000000000000000000000000000000000000000000000000
scale_dispatch_8,first_selector,cold,solc-0.8.36-legacy-200,True,True,True,716,88198,0x290decd9548b62a8d60345a988386fc84ba6bc95484008f6362f93160ef3e563,0x0000000000000000000000000000000000000000000000000000000000000000,0x0000000000000000000000000000000000000000000000000000000000000000
scale_dispatch_8,first_selector,cold,solc-0.8.36-viair-200,True,True,True,797,115449,0x290decd9548b62a8d60345a988386fc84ba6bc95484008f6362f93160ef3e563,0x0000000000000000000000000000000000000000000000000000000000000000,0x0000000000000000000000000000000000000000000000000000000000000000
scale_dispatch_8,last_selector,cold,solar-gas-200,True,True,True,576,79781,0xa66cc928b5edb82af9bd49922954155ab7b0942694bea4ce44661d9a8736c688,0x0000000000000000000000000000000000000000000000000000000000000000,0x0000000000000000000000000000000000000000000000000000000000000000
scale_dispatch_8,last_selector,cold,solar-size-1,True,True,True,717,70367,0xa66cc928b5edb82af9bd49922954155ab7b0942694bea4ce44661d9a8736c688,0x0000000000000000000000000000000000000000000000000000000000000000,0x0000000000000000000000000000000000000000000000000000000000000000
scale_dispatch_8,last_selector,cold,solc-0.8.36-legacy-200,True,True,True,695,88198,0xa66cc928b5edb82af9bd49922954155ab7b0942694bea4ce44661d9a8736c688,0x0000000000000000000000000000000000000000000000000000000000000000,0x0000000000000000000000000000000000000000000000000000000000000000
scale_dispatch_8,last_selector,cold,solc-0.8.36-viair-200,True,True,True,779,115449,0xa66cc928b5edb82af9bd49922954155ab7b0942694bea4ce44661d9a8736c688,0x0000000000000000000000000000000000000000000000000000000000000000,0x0000000000000000000000000000000000000000000000000000000000000000
scale_dispatch_8,set_sink,warm,solar-gas-200,True,True,True,20608,79781,0xd86d8a3f7c82c89ed8e04140017aa108a0a1469249f92c8f022b9dbafa87b883,0xff39506509de8bd97f85280d70345626bbfedd618ecd7f7a4cea143171bab6bc,0x0000000000000000000000000000000000000000000000000000000000000000
scale_dispatch_8,set_sink,warm,solar-size-1,True,True,True,20596,70367,0xd86d8a3f7c82c89ed8e04140017aa108a0a1469249f92c8f022b9dbafa87b883,0xff39506509de8bd97f85280d70345626bbfedd618ecd7f7a4cea143171bab6bc,0x0000000000000000000000000000000000000000000000000000000000000000
scale_dispatch_8,set_sink,warm,solc-0.8.36-legacy-200,True,True,True,20736,88198,0xd86d8a3f7c82c89ed8e04140017aa108a0a1469249f92c8f022b9dbafa87b883,0xff39506509de8bd97f85280d70345626bbfedd618ecd7f7a4cea143171bab6bc,0x0000000000000000000000000000000000000000000000000000000000000000
scale_dispatch_8,set_sink,warm,solc-0.8.36-viair-200,True,True,True,20637,115449,0xd86d8a3f7c82c89ed8e04140017aa108a0a1469249f92c8f022b9dbafa87b883,0xff39506509de8bd97f85280d70345626bbfedd618ecd7f7a4cea143171bab6bc,0x0000000000000000000000000000000000000000000000000000000000000000
scale_events_1,emit_many,cold,solar-gas-200,True,True,True,2063,58746,0xb10e2d527612073b26eecdfd717e6a320cf44b4afac2b0732d9fcbe2b7fa0cf6,0x0000000000000000000000000000000000000000000000000000000000000000,0x0000000000000000000000000000000000000000000000000000000000000000
scale_events_1,emit_many,cold,solar-size-1,True,True,True,2087,61759,0xb10e2d527612073b26eecdfd717e6a320cf44b4afac2b0732d9fcbe2b7fa0cf6,0x0000000000000000000000000000000000000000000000000000000000000000,0x0000000000000000000000000000000000000000000000000000000000000000
scale_events_1,emit_many,cold,solc-0.8.36-legacy-200,True,True,True,2352,72790,0xb10e2d527612073b26eecdfd717e6a320cf44b4afac2b0732d9fcbe2b7fa0cf6,0x0000000000000000000000000000000000000000000000000000000000000000,0x0000000000000000000000000000000000000000000000000000000000000000
scale_events_1,emit_many,cold,solc-0.8.36-viair-200,True,True,True,2149,65993,0xb10e2d527612073b26eecdfd717e6a320cf44b4afac2b0732d9fcbe2b7fa0cf6,0x0000000000000000000000000000000000000000000000000000000000000000,0x0000000000000000000000000000000000000000000000000000000000000000
scale_events_16,emit_many,cold,solar-gas-200,True,True,True,24398,57751,0x7ef464cf5a521d70c933977510816a0355b91a50eca2778837fb82da8448ecf6,0x0000000000000000000000000000000000000000000000000000000000000000,0x0000000000000000000000000000000000000000000000000000000000000000
scale_events_16,emit_many,cold,solar-size-1,True,True,True,24890,62559,0x7ef464cf5a521d70c933977510816a0355b91a50eca2778837fb82da8448ecf6,0x0000000000000000000000000000000000000000000000000000000000000000,0x0000000000000000000000000000000000000000000000000000000000000000
scale_events_16,emit_many,cold,solc-0.8.36-legacy-200,True,True,True,27837,72790,0x7ef464cf5a521d70c933977510816a0355b91a50eca2778837fb82da8448ecf6,0x0000000000000000000000000000000000000000000000000000000000000000,0x0000000000000000000000000000000000000000000000000000000000000000
scale_events_16,emit_many,cold,solc-0.8.36-viair-200,True,True,True,25039,65993,0x7ef464cf5a521d70c933977510816a0355b91a50eca2778837fb82da8448ecf6,0x0000000000000000000000000000000000000000000000000000000000000000,0x0000000000000000000000000000000000000000000000000000000000000000
scale_events_2,emit_many,cold,solar-gas-200,True,True,True,3538,57740,0xc2575a0e9e593c00f959f8c92f12db2869c3395a3b0502d05e2516446f71f85b,0x0000000000000000000000000000000000000000000000000000000000000000,0x0000000000000000000000000000000000000000000000000000000000000000
scale_events_2,emit_many,cold,solar-size-1,True,True,True,3624,62559,0xc2575a0e9e593c00f959f8c92f12db2869c3395a3b0502d05e2516446f71f85b,0x0000000000000000000000000000000000000000000000000000000000000000,0x0000000000000000000000000000000000000000000000000000000000000000
scale_events_2,emit_many,cold,solc-0.8.36-legacy-200,True,True,True,4051,72790,0xc2575a0e9e593c00f959f8c92f12db2869c3395a3b0502d05e2516446f71f85b,0x0000000000000000000000000000000000000000000000000000000000000000,0x0000000000000000000000000000000000000000000000000000000000000000
scale_events_2,emit_many,cold,solc-0.8.36-viair-200,True,True,True,3675,65993,0xc2575a0e9e593c00f959f8c92f12db2869c3395a3b0502d05e2516446f71f85b,0x0000000000000000000000000000000000000000000000000000000000000000,0x0000000000000000000000000000000000000000000000000000000000000000
scale_events_32,emit_many,cold,solar-gas-200,True,True,True,48238,57740,0xefc5894d9c58e1009579aef75505f95d14925d23138ba726bcae9b3c1d76e5bc,0x0000000000000000000000000000000000000000000000000000000000000000,0x0000000000000000000000000000000000000000000000000000000000000000
scale_events_32,emit_many,cold,solar-size-1,True,True,True,49194,62559,0xefc5894d9c58e1009579aef75505f95d14925d23138ba726bcae9b3c1d76e5bc,0x0000000000000000000000000000000000000000000000000000000000000000,0x0000000000000000000000000000000000000000000000000000000000000000
scale_events_32,emit_many,cold,solc-0.8.36-legacy-200,True,True,True,55021,72790,0xefc5894d9c58e1009579aef75505f95d14925d23138ba726bcae9b3c1d76e5bc,0x0000000000000000000000000000000000000000000000000000000000000000,0x0000000000000000000000000000000000000000000000000000000000000000
scale_events_32,emit_many,cold,solc-0.8.36-viair-200,True,True,True,49455,65993,0xefc5894d9c58e1009579aef75505f95d14925d23138ba726bcae9b3c1d76e5bc,0x0000000000000000000000000000000000000000000000000000000000000000,0x0000000000000000000000000000000000000000000000000000000000000000
scale_events_4,emit_many,cold,solar-gas-200,True,True,True,6518,57740,0xc65a7bb8d6351c1cf70c95a316cc6a92839c986682d98bc35f958f4883f9d2a8,0x0000000000000000000000000000000000000000000000000000000000000000,0x0000000000000000000000000000000000000000000000000000000000000000
scale_events_4,emit_many,cold,solar-size-1,True,True,True,6662,62559,0xc65a7bb8d6351c1cf70c95a316cc6a92839c986682d98bc35f958f4883f9d2a8,0x0000000000000000000000000000000000000000000000000000000000000000,0x0000000000000000000000000000000000000000000000000000000000000000
scale_events_4,emit_many,cold,solc-0.8.36-legacy-200,True,True,True,7449,72790,0xc65a7bb8d6351c1cf70c95a316cc6a92839c986682d98bc35f958f4883f9d2a8,0x0000000000000000000000000000000000000000000000000000000000000000,0x0000000000000000000000000000000000000000000000000000000000000000
scale_events_4,emit_many,cold,solc-0.8.36-viair-200,True,True,True,6727,65993,0xc65a7bb8d6351c1cf70c95a316cc6a92839c986682d98bc35f958f4883f9d2a8,0x0000000000000000000000000000000000000000000000000000000000000000,0x0000000000000000000000000000000000000000000000000000000000000000
scale_events_64,emit_many,cold,solar-gas-200,True,True,True,95918,57740,0xba76bc1199e84645f474c646893d86289a04a2797c235d5d6ea403024260fb9e,0x0000000000000000000000000000000000000000000000000000000000000000,0x0000000000000000000000000000000000000000000000000000000000000000
scale_events_64,emit_many,cold,solar-size-1,True,True,True,97802,62559,0xba76bc1199e84645f474c646893d86289a04a2797c235d5d6ea403024260fb9e,0x0000000000000000000000000000000000000000000000000000000000000000,0x0000000000000000000000000000000000000000000000000000000000000000
scale_events_64,emit_many,cold,solc-0.8.36-legacy-200,True,True,True,109389,72790,0xba76bc1199e84645f474c646893d86289a04a2797c235d5d6ea403024260fb9e,0x0000000000000000000000000000000000000000000000000000000000000000,0x0000000000000000000000000000000000000000000000000000000000000000
scale_events_64,emit_many,cold,solc-0.8.36-viair-200,True,True,True,98287,65993,0xba76bc1199e84645f474c646893d86289a04a2797c235d5d6ea403024260fb9e,0x0000000000000000000000000000000000000000000000000000000000000000,0x0000000000000000000000000000000000000000000000000000000000000000
scale_events_8,emit_many,cold,solar-gas-200,True,True,True,12478,57751,0x7cd332d19b93bcabe3cce7ca0c18a052f57e5fd03b4758a09f30f5ddc4b22ec4,0x0000000000000000000000000000000000000000000000000000000000000000,0x0000000000000000000000000000000000000000000000000000000000000000
scale_events_8,emit_many,cold,solar-size-1,True,True,True,12738,62559,0x7cd332d19b93bcabe3cce7ca0c18a052f57e5fd03b4758a09f30f5ddc4b22ec4,0x0000000000000000000000000000000000000000000000000000000000000000,0x0000000000000000000000000000000000000000000000000000000000000000
scale_events_8,emit_many,cold,solc-0.8.36-legacy-200,True,True,True,14245,72790,0x7cd332d19b93bcabe3cce7ca0c18a052f57e5fd03b4758a09f30f5ddc4b22ec4,0x0000000000000000000000000000000000000000000000000000000000000000,0x0000000000000000000000000000000000000000000000000000000000000000
scale_events_8,emit_many,cold,solc-0.8.36-viair-200,True,True,True,12831,65993,0x7cd332d19b93bcabe3cce7ca0c18a052f57e5fd03b4758a09f30f5ddc4b22ec4,0x0000000000000000000000000000000000000000000000000000000000000000,0x0000000000000000000000000000000000000000000000000000000000000000
scale_external_calls_1,call_many,cold,solar-gas-200,True,True,True,1056,60357,0x290decd9548b62a8d60345a988386fc84ba6bc95484008f6362f93160ef3e563,0x0000000000000000000000000000000000000000000000000000000000000000,0x0000000000000000000000000000000000000000000000000000000000000000
scale_external_calls_1,call_many,cold,solar-size-1,True,True,True,1093,64148,0x290decd9548b62a8d60345a988386fc84ba6bc95484008f6362f93160ef3e563,0x0000000000000000000000000000000000000000000000000000000000000000,0x0000000000000000000000000000000000000000000000000000000000000000
scale_external_calls_1,call_many,cold,solc-0.8.36-legacy-200,True,True,True,1336,87209,0x290decd9548b62a8d60345a988386fc84ba6bc95484008f6362f93160ef3e563,0x0000000000000000000000000000000000000000000000000000000000000000,0x0000000000000000000000000000000000000000000000000000000000000000
scale_external_calls_1,call_many,cold,solc-0.8.36-viair-200,True,True,True,1204,79609,0x290decd9548b62a8d60345a988386fc84ba6bc95484008f6362f93160ef3e563,0x0000000000000000000000000000000000000000000000000000000000000000,0x0000000000000000000000000000000000000000000000000000000000000000
scale_external_calls_16,call_many,cold,solar-gas-200,True,True,True,8759,66965,0x8dc6fb69531d98d70dc0420e638d2dfd04e09e1ec783ede9aac77da9c5a0dac4,0x0000000000000000000000000000000000000000000000000000000000000000,0x0000000000000000000000000000000000000000000000000000000000000000
scale_external_calls_16,call_many,cold,solar-size-1,True,True,True,9059,70567,0x8dc6fb69531d98d70dc0420e638d2dfd04e09e1ec783ede9aac77da9c5a0dac4,0x0000000000000000000000000000000000000000000000000000000000000000,0x0000000000000000000000000000000000000000000000000000000000000000
scale_external_calls_16,call_many,cold,solc-0.8.36-legacy-200,True,True,True,11536,87209,0x8dc6fb69531d98d70dc0420e638d2dfd04e09e1ec783ede9aac77da9c5a0dac4,0x0000000000000000000000000000000000000000000000000000000000000000,0x0000000000000000000000000000000000000000000000000000000000000000
scale_external_calls_16,call_many,cold,solc-0.8.36-viair-200,True,True,True,9829,79609,0x8dc6fb69531d98d70dc0420e638d2dfd04e09e1ec783ede9aac77da9c5a0dac4,0x0000000000000000000000000000000000000000000000000000000000000000,0x0000000000000000000000000000000000000000000000000000000000000000
scale_external_calls_2,call_many,cold,solar-gas-200,True,True,True,1602,66954,0xb10e2d527612073b26eecdfd717e6a320cf44b4afac2b0732d9fcbe2b7fa0cf6,0x0000000000000000000000000000000000000000000000000000000000000000,0x0000000000000000000000000000000000000000000000000000000000000000
scale_external_calls_2,call_many,cold,solar-size-1,True,True,True,1664,70567,0xb10e2d527612073b26eecdfd717e6a320cf44b4afac2b0732d9fcbe2b7fa0cf6,0x0000000000000000000000000000000000000000000000000000000000000000,0x0000000000000000000000000000000000000000000000000000000000000000
scale_external_calls_2,call_many,cold,solc-0.8.36-legacy-200,True,True,True,2016,87209,0xb10e2d527612073b26eecdfd717e6a320cf44b4afac2b0732d9fcbe2b7fa0cf6,0x0000000000000000000000000000000000000000000000000000000000000000,0x0000000000000000000000000000000000000000000000000000000000000000
scale_external_calls_2,call_many,cold,solc-0.8.36-viair-200,True,True,True,1779,79609,0xb10e2d527612073b26eecdfd717e6a320cf44b4afac2b0732d9fcbe2b7fa0cf6,0x0000000000000000000000000000000000000000000000000000000000000000,0x0000000000000000000000000000000000000000000000000000000000000000
scale_external_calls_32,call_many,cold,solar-gas-200,True,True,True,16942,66965,0x28c338778cede5a6cb848edcdf4a94ca54d10795db56eecc9f3ddd2e035454b4,0x0000000000000000000000000000000000000000000000000000000000000000,0x0000000000000000000000000000000000000000000000000000000000000000
scale_external_calls_32,call_many,cold,solar-size-1,True,True,True,17515,70556,0x28c338778cede5a6cb848edcdf4a94ca54d10795db56eecc9f3ddd2e035454b4,0x0000000000000000000000000000000000000000000000000000000000000000,0x0000000000000000000000000000000000000000000000000000000000000000
scale_external_calls_32,call_many,cold,solc-0.8.36-legacy-200,True,True,True,22416,87209,0x28c338778cede5a6cb848edcdf4a94ca54d10795db56eecc9f3ddd2e035454b4,0x0000000000000000000000000000000000000000000000000000000000000000,0x0000000000000000000000000000000000000000000000000000000000000000
scale_external_calls_32,call_many,cold,solc-0.8.36-viair-200,True,True,True,19029,79609,0x28c338778cede5a6cb848edcdf4a94ca54d10795db56eecc9f3ddd2e035454b4,0x0000000000000000000000000000000000000000000000000000000000000000,0x0000000000000000000000000000000000000000000000000000000000000000
scale_external_calls_4,call_many,cold,solar-gas-200,True,True,True,2624,66965,0xf652222313e28459528d920b65115c16c04f3efc82aaedc97be59f3f377c0d3f,0x0000000000000000000000000000000000000000000000000000000000000000,0x0000000000000000000000000000000000000000000000000000000000000000
scale_external_calls_4,call_many,cold,solar-size-1,True,True,True,2720,70567,0xf652222313e28459528d920b65115c16c04f3efc82aaedc97be59f3f377c0d3f,0x0000000000000000000000000000000000000000000000000000000000000000,0x0000000000000000000000000000000000000000000000000000000000000000
scale_external_calls_4,call_many,cold,solc-0.8.36-legacy-200,True,True,True,3376,87209,0xf652222313e28459528d920b65115c16c04f3efc82aaedc97be59f3f377c0d3f,0x0000000000000000000000000000000000000000000000000000000000000000,0x0000000000000000000000000000000000000000000000000000000000000000
scale_external_calls_4,call_many,cold,solc-0.8.36-viair-200,True,True,True,2929,79609,0xf652222313e28459528d920b65115c16c04f3efc82aaedc97be59f3f377c0d3f,0x0000000000000000000000000000000000000000000000000000000000000000,0x0000000000000000000000000000000000000000000000000000000000000000
scale_external_calls_64,call_many,cold,solar-gas-200,True,True,True,33321,66965,0x4d8a0134199740f58d81c093b3b86ebd366dc6d5ca16e7093faa8a4d0fd98efb,0x0000000000000000000000000000000000000000000000000000000000000000,0x0000000000000000000000000000000000000000000000000000000000000000
scale_external_calls_64,call_many,cold,solar-size-1,True,True,True,34438,70567,0x4d8a0134199740f58d81c093b3b86ebd366dc6d5ca16e7093faa8a4d0fd98efb,0x0000000000000000000000000000000000000000000000000000000000000000,0x0000000000000000000000000000000000000000000000000000000000000000
scale_external_calls_64,call_many,cold,solc-0.8.36-legacy-200,True,True,True,44176,87209,0x4d8a0134199740f58d81c093b3b86ebd366dc6d5ca16e7093faa8a4d0fd98efb,0x0000000000000000000000000000000000000000000000000000000000000000,0x0000000000000000000000000000000000000000000000000000000000000000
scale_external_calls_64,call_many,cold,solc-0.8.36-viair-200,True,True,True,37429,79609,0x4d8a0134199740f58d81c093b3b86ebd366dc6d5ca16e7093faa8a4d0fd98efb,0x0000000000000000000000000000000000000000000000000000000000000000,0x0000000000000000000000000000000000000000000000000000000000000000
scale_external_calls_8,call_many,cold,solar-gas-200,True,True,True,4669,66954,0x0e4562a10381dec21b205ed72637e6b1b523bdd0e4d4d50af5cd23dd4500a211,0x0000000000000000000000000000000000000000000000000000000000000000,0x0000000000000000000000000000000000000000000000000000000000000000
scale_external_calls_8,call_many,cold,solar-size-1,True,True,True,4833,70567,0x0e4562a10381dec21b205ed72637e6b1b523bdd0e4d4d50af5cd23dd4500a211,0x0000000000000000000000000000000000000000000000000000000000000000,0x0000000000000000000000000000000000000000000000000000000000000000
scale_external_calls_8,call_many,cold,solc-0.8.36-legacy-200,True,True,True,6096,87209,0x0e4562a10381dec21b205ed72637e6b1b523bdd0e4d4d50af5cd23dd4500a211,0x0000000000000000000000000000000000000000000000000000000000000000,0x0000000000000000000000000000000000000000000000000000000000000000
scale_external_calls_8,call_many,cold,solc-0.8.36-viair-200,True,True,True,5229,79609,0x0e4562a10381dec21b205ed72637e6b1b523bdd0e4d4d50af5cd23dd4500a211,0x0000000000000000000000000000000000000000000000000000000000000000,0x0000000000000000000000000000000000000000000000000000000000000000
scale_loop_bound_1,run_loop,cold,solar-gas-200,True,True,True,647,45130,0x290decd9548b62a8d60345a988386fc84ba6bc95484008f6362f93160ef3e563,0x0000000000000000000000000000000000000000000000000000000000000000,0x0000000000000000000000000000000000000000000000000000000000000000
scale_loop_bound_1,run_loop,cold,solar-size-1,True,True,True,651,45341,0x290decd9548b62a8d60345a988386fc84ba6bc95484008f6362f93160ef3e563,0x0000000000000000000000000000000000000000000000000000000000000000,0x0000000000000000000000000000000000000000000000000000000000000000
scale_loop_bound_1,run_loop,cold,solc-0.8.36-legacy-200,True,True,True,776,58972,0x290decd9548b62a8d60345a988386fc84ba6bc95484008f6362f93160ef3e563,0x0000000000000000000000000000000000000000000000000000000000000000,0x0000000000000000000000000000000000000000000000000000000000000000
scale_loop_bound_1,run_loop,cold,solc-0.8.36-viair-200,True,True,True,704,54577,0x290decd9548b62a8d60345a988386fc84ba6bc95484008f6362f93160ef3e563,0x0000000000000000000000000000000000000000000000000000000000000000,0x0000000000000000000000000000000000000000000000000000000000000000
scale_loop_bound_16,run_loop,cold,solar-gas-200,True,True,True,2238,50543,0x8dc6fb69531d98d70dc0420e638d2dfd04e09e1ec783ede9aac77da9c5a0dac4,0x0000000000000000000000000000000000000000000000000000000000000000,0x0000000000000000000000000000000000000000000000000000000000000000
scale_loop_bound_16,run_loop,cold,solar-size-1,True,True,True,1836,48132,0x8dc6fb69531d98d70dc0420e638d2dfd04e09e1ec783ede9aac77da9c5a0dac4,0x0000000000000000000000000000000000000000000000000000000000000000,0x0000000000000000000000000000000000000000000000000000000000000000
scale_loop_bound_16,run_loop,cold,solc-0.8.36-legacy-200,True,True,True,2621,58972,0x8dc6fb69531d98d70dc0420e638d2dfd04e09e1ec783ede9aac77da9c5a0dac4,0x0000000000000000000000000000000000000000000000000000000000000000,0x0000000000000000000000000000000000000000000000000000000000000000
scale_loop_bound_16,run_loop,cold,solc-0.8.36-viair-200,True,True,True,1919,54577,0x8dc6fb69531d98d70dc0420e638d2dfd04e09e1ec783ede9aac77da9c5a0dac4,0x0000000000000000000000000000000000000000000000000000000000000000,0x0000000000000000000000000000000000000000000000000000000000000000
scale_loop_bound_2,run_loop,cold,solar-gas-200,True,True,True,768,50543,0xb10e2d527612073b26eecdfd717e6a320cf44b4afac2b0732d9fcbe2b7fa0cf6,0x0000000000000000000000000000000000000000000000000000000000000000,0x0000000000000000000000000000000000000000000000000000000000000000
scale_loop_bound_2,run_loop,cold,solar-size-1,True,True,True,716,48132,0xb10e2d527612073b26eecdfd717e6a320cf44b4afac2b0732d9fcbe2b7fa0cf6,0x0000000000000000000000000000000000000000000000000000000000000000,0x0000000000000000000000000000000000000000000000000000000000000000
scale_loop_bound_2,run_loop,cold,solc-0.8.36-legacy-200,True,True,True,899,58972,0xb10e2d527612073b26eecdfd717e6a320cf44b4afac2b0732d9fcbe2b7fa0cf6,0x0000000000000000000000000000000000000000000000000000000000000000,0x0000000000000000000000000000000000000000000000000000000000000000
scale_loop_bound_2,run_loop,cold,solc-0.8.36-viair-200,True,True,True,785,54577,0xb10e2d527612073b26eecdfd717e6a320cf44b4afac2b0732d9fcbe2b7fa0cf6,0x0000000000000000000000000000000000000000000000000000000000000000,0x0000000000000000000000000000000000000000000000000000000000000000
scale_loop_bound_32,run_loop,cold,solar-gas-200,True,True,True,3918,50543,0x28c338778cede5a6cb848edcdf4a94ca54d10795db56eecc9f3ddd2e035454b4,0x0000000000000000000000000000000000000000000000000000000000000000,0x0000000000000000000000000000000000000000000000000000000000000000
scale_loop_bound_32,run_loop,cold,solar-size-1,True,True,True,3116,48132,0x28c338778cede5a6cb848edcdf4a94ca54d10795db56eecc9f3ddd2e035454b4,0x0000000000000000000000000000000000000000000000000000000000000000,0x0000000000000000000000000000000000000000000000000000000000000000
scale_loop_bound_32,run_loop,cold,solc-0.8.36-legacy-200,True,True,True,4589,58972,0x28c338778cede5a6cb848edcdf4a94ca54d10795db56eecc9f3ddd2e035454b4,0x0000000000000000000000000000000000000000000000000000000000000000,0x0000000000000000000000000000000000000000000000000000000000000000
scale_loop_bound_32,run_loop,cold,solc-0.8.36-viair-200,True,True,True,3215,54577,0x28c338778cede5a6cb848edcdf4a94ca54d10795db56eecc9f3ddd2e035454b4,0x0000000000000000000000000000000000000000000000000000000000000000,0x0000000000000000000000000000000000000000000000000000000000000000
scale_loop_bound_4,run_loop,cold,solar-gas-200,True,True,True,978,50543,0xf652222313e28459528d920b65115c16c04f3efc82aaedc97be59f3f377c0d3f,0x0000000000000000000000000000000000000000000000000000000000000000,0x0000000000000000000000000000000000000000000000000000000000000000
scale_loop_bound_4,run_loop,cold,solar-size-1,True,True,True,876,48132,0xf652222313e28459528d920b65115c16c04f3efc82aaedc97be59f3f377c0d3f,0x0000000000000000000000000000000000000000000000000000000000000000,0x0000000000000000000000000000000000000000000000000000000000000000
scale_loop_bound_4,run_loop,cold,solc-0.8.36-legacy-200,True,True,True,1145,58972,0xf652222313e28459528d920b65115c16c04f3efc82aaedc97be59f3f377c0d3f,0x0000000000000000000000000000000000000000000000000000000000000000,0x0000000000000000000000000000000000000000000000000000000000000000
scale_loop_bound_4,run_loop,cold,solc-0.8.36-viair-200,True,True,True,947,54577,0xf652222313e28459528d920b65115c16c04f3efc82aaedc97be59f3f377c0d3f,0x0000000000000000000000000000000000000000000000000000000000000000,0x0000000000000000000000000000000000000000000000000000000000000000
scale_loop_bound_64,run_loop,cold,solar-gas-200,True,True,True,7278,50543,0x4d8a0134199740f58d81c093b3b86ebd366dc6d5ca16e7093faa8a4d0fd98efb,0x0000000000000000000000000000000000000000000000000000000000000000,0x0000000000000000000000000000000000000000000000000000000000000000
scale_loop_bound_64,run_loop,cold,solar-size-1,True,True,True,5676,48132,0x4d8a0134199740f58d81c093b3b86ebd366dc6d5ca16e7093faa8a4d0fd98efb,0x0000000000000000000000000000000000000000000000000000000000000000,0x0000000000000000000000000000000000000000000000000000000000000000
scale_loop_bound_64,run_loop,cold,solc-0.8.36-legacy-200,True,True,True,8525,58972,0x4d8a0134199740f58d81c093b3b86ebd366dc6d5ca16e7093faa8a4d0fd98efb,0x0000000000000000000000000000000000000000000000000000000000000000,0x0000000000000000000000000000000000000000000000000000000000000000
scale_loop_bound_64,run_loop,cold,solc-0.8.36-viair-200,True,True,True,5807,54577,0x4d8a0134199740f58d81c093b3b86ebd366dc6d5ca16e7093faa8a4d0fd98efb,0x0000000000000000000000000000000000000000000000000000000000000000,0x0000000000000000000000000000000000000000000000000000000000000000
scale_loop_bound_8,run_loop,cold,solar-gas-200,True,True,True,1398,50543,0x0e4562a10381dec21b205ed72637e6b1b523bdd0e4d4d50af5cd23dd4500a211,0x0000000000000000000000000000000000000000000000000000000000000000,0x0000000000000000000000000000000000000000000000000000000000000000
scale_loop_bound_8,run_loop,cold,solar-size-1,True,True,True,1196,48132,0x0e4562a10381dec21b205ed72637e6b1b523bdd0e4d4d50af5cd23dd4500a211,0x0000000000000000000000000000000000000000000000000000000000000000,0x0000000000000000000000000000000000000000000000000000000000000000
scale_loop_bound_8,run_loop,cold,solc-0.8.36-legacy-200,True,True,True,1637,58972,0x0e4562a10381dec21b205ed72637e6b1b523bdd0e4d4d50af5cd23dd4500a211,0x0000000000000000000000000000000000000000000000000000000000000000,0x0000000000000000000000000000000000000000000000000000000000000000
scale_loop_bound_8,run_loop,cold,solc-0.8.36-viair-200,True,True,True,1271,54577,0x0e4562a10381dec21b205ed72637e6b1b523bdd0e4d4d50af5cd23dd4500a211,0x0000000000000000000000000000000000000000000000000000000000000000,0x0000000000000000000000000000000000000000000000000000000000000000
scale_mapping_depth_1,read_after_write,warm,solar-gas-200,True,True,True,769,59357,0xf652222313e28459528d920b65115c16c04f3efc82aaedc97be59f3f377c0d3f,0x0000000000000000000000000000000000000000000000000000000000000000,0x0000000000000000000000000000000000000000000000000000000000000000
scale_mapping_depth_1,read_after_write,warm,solar-size-1,True,True,True,769,58946,0xf652222313e28459528d920b65115c16c04f3efc82aaedc97be59f3f377c0d3f,0x0000000000000000000000000000000000000000000000000000000000000000,0x0000000000000000000000000000000000000000000000000000000000000000
scale_mapping_depth_1,read_after_write,warm,solc-0.8.36-legacy-200,True,True,True,899,80201,0xf652222313e28459528d920b65115c16c04f3efc82aaedc97be59f3f377c0d3f,0x0000000000000000000000000000000000000000000000000000000000000000,0x0000000000000000000000000000000000000000000000000000000000000000
scale_mapping_depth_1,read_after_write,warm,solc-0.8.36-viair-200,True,True,True,811,66393,0xf652222313e28459528d920b65115c16c04f3efc82aaedc97be59f3f377c0d3f,0x0000000000000000000000000000000000000000000000000000000000000000,0x0000000000000000000000000000000000000000000000000000000000000000
scale_mapping_depth_1,read_empty_chain,cold,solar-gas-200,True,True,True,2769,59357,0x290decd9548b62a8d60345a988386fc84ba6bc95484008f6362f93160ef3e563,0x0000000000000000000000000000000000000000000000000000000000000000,0x0000000000000000000000000000000000000000000000000000000000000000
scale_mapping_depth_1,read_empty_chain,cold,solar-size-1,True,True,True,2769,58946,0x290decd9548b62a8d60345a988386fc84ba6bc95484008f6362f93160ef3e563,0x0000000000000000000000000000000000000000000000000000000000000000,0x0000000000000000000000000000000000000000000000000000000000000000
scale_mapping_depth_1,read_empty_chain,cold,solc-0.8.36-legacy-200,True,True,True,2898,80201,0x290decd9548b62a8d60345a988386fc84ba6bc95484008f6362f93160ef3e563,0x0000000000000000000000000000000000000000000000000000000000000000,0x0000000000000000000000000000000000000000000000000000000000000000
scale_mapping_depth_1,read_empty_chain,cold,solc-0.8.36-viair-200,True,True,True,2811,66393,0x290decd9548b62a8d60345a988386fc84ba6bc95484008f6362f93160ef3e563,0x0000000000000000000000000000000000000000000000000000000000000000,0x0000000000000000000000000000000000000000000000000000000000000000
scale_mapping_depth_1,write_chain,mixed,solar-gas-200,True,True,True,22862,59357,0xf652222313e28459528d920b65115c16c04f3efc82aaedc97be59f3f377c0d3f,0x949936ac21703a075798bfa8e054d7fa96d6ca2319e2300838af4c6a565e1cc2,0x0000000000000000000000000000000000000000000000000000000000000000
scale_mapping_depth_1,write_chain,mixed,solar-size-1,True,True,True,22923,58946,0xf652222313e28459528d920b65115c16c04f3efc82aaedc97be59f3f377c0d3f,0x949936ac21703a075798bfa8e054d7fa96d6ca2319e2300838af4c6a565e1cc2,0x0000000000000000000000000000000000000000000000000000000000000000
scale_mapping_depth_1,write_chain,mixed,solc-0.8.36-legacy-200,True,True,True,22958,80201,0xf652222313e28459528d920b65115c16c04f3efc82aaedc97be59f3f377c0d3f,0x949936ac21703a075798bfa8e054d7fa96d6ca2319e2300838af4c6a565e1cc2,0x0000000000000000000000000000000000000000000000000000000000000000
scale_mapping_depth_1,write_chain,mixed,solc-0.8.36-viair-200,True,True,True,22816,66393,0xf652222313e28459528d920b65115c16c04f3efc82aaedc97be59f3f377c0d3f,0x949936ac21703a075798bfa8e054d7fa96d6ca2319e2300838af4c6a565e1cc2,0x0000000000000000000000000000000000000000000000000000000000000000
scale_mapping_depth_16,read_after_write,warm,solar-gas-200,True,True,True,3204,298458,0x37a1be2a88dadcd0e6062f54ddcc01a03360ba61ca7784a744e757488bf8ceb2,0x0000000000000000000000000000000000000000000000000000000000000000,0x0000000000000000000000000000000000000000000000000000000000000000
scale_mapping_depth_16,read_after_write,warm,solar-size-1,True,True,True,3505,285431,0x37a1be2a88dadcd0e6062f54ddcc01a03360ba61ca7784a744e757488bf8ceb2,0x0000000000000000000000000000000000000000000000000000000000000000,0x0000000000000000000000000000000000000000000000000000000000000000
scale_mapping_depth_16,read_after_write,warm,solc-0.8.36-legacy-200,True,True,True,3412,333317,0x37a1be2a88dadcd0e6062f54ddcc01a03360ba61ca7784a744e757488bf8ceb2,0x0000000000000000000000000000000000000000000000000000000000000000,0x0000000000000000000000000000000000000000000000000000000000000000
scale_mapping_depth_16,read_after_write,warm,solc-0.8.36-viair-200,True,True,True,3537,355958,0x37a1be2a88dadcd0e6062f54ddcc01a03360ba61ca7784a744e757488bf8ceb2,0x0000000000000000000000000000000000000000000000000000000000000000,0x0000000000000000000000000000000000000000000000000000000000000000
scale_mapping_depth_16,read_empty_chain,cold,solar-gas-200,True,True,True,35205,298458,0x290decd9548b62a8d60345a988386fc84ba6bc95484008f6362f93160ef3e563,0x0000000000000000000000000000000000000000000000000000000000000000,0x0000000000000000000000000000000000000000000000000000000000000000
scale_mapping_depth_16,read_empty_chain,cold,solar-size-1,True,True,True,35504,285431,0x290decd9548b62a8d60345a988386fc84ba6bc95484008f6362f93160ef3e563,0x0000000000000000000000000000000000000000000000000000000000000000,0x0000000000000000000000000000000000000000000000000000000000000000
scale_mapping_depth_16,read_empty_chain,cold,solc-0.8.36-legacy-200,True,True,True,35413,333317,0x290decd9548b62a8d60345a988386fc84ba6bc95484008f6362f93160ef3e563,0x0000000000000000000000000000000000000000000000000000000000000000,0x0000000000000000000000000000000000000000000000000000000000000000
scale_mapping_depth_16,read_empty_chain,cold,solc-0.8.36-viair-200,True,True,True,35538,355958,0x290decd9548b62a8d60345a988386fc84ba6bc95484008f6362f93160ef3e563,0x0000000000000000000000000000000000000000000000000000000000000000,0x0000000000000000000000000000000000000000000000000000000000000000
scale_mapping_depth_16,write_chain,mixed,solar-gas-200,True,True,True,357580,298458,0x37a1be2a88dadcd0e6062f54ddcc01a03360ba61ca7784a744e757488bf8ceb2,0x937e1d98613e3579bb04845ed78fa41a6622fc91774ceb0b0d50e84d1e0dffaf,0x0000000000000000000000000000000000000000000000000000000000000000
scale_mapping_depth_16,write_chain,mixed,solar-size-1,True,True,True,358274,285431,0x37a1be2a88dadcd0e6062f54ddcc01a03360ba61ca7784a744e757488bf8ceb2,0x937e1d98613e3579bb04845ed78fa41a6622fc91774ceb0b0d50e84d1e0dffaf,0x0000000000000000000000000000000000000000000000000000000000000000
scale_mapping_depth_16,write_chain,mixed,solc-0.8.36-legacy-200,True,True,True,356785,333317,0x37a1be2a88dadcd0e6062f54ddcc01a03360ba61ca7784a744e757488bf8ceb2,0x937e1d98613e3579bb04845ed78fa41a6622fc91774ceb0b0d50e84d1e0dffaf,0x0000000000000000000000000000000000000000000000000000000000000000
scale_mapping_depth_16,write_chain,mixed,solc-0.8.36-viair-200,True,True,True,355943,355958,0x37a1be2a88dadcd0e6062f54ddcc01a03360ba61ca7784a744e757488bf8ceb2,0x937e1d98613e3579bb04845ed78fa41a6622fc91774ceb0b0d50e84d1e0dffaf,0x0000000000000000000000000000000000000000000000000000000000000000
scale_mapping_depth_2,read_after_write,warm,solar-gas-200,True,True,True,953,76964,0xf3f7a9fe364faab93b216da50a3214154f22a0a2b415b23a84c8169e8b636ee3,0x0000000000000000000000000000000000000000000000000000000000000000,0x0000000000000000000000000000000000000000000000000000000000000000
scale_mapping_depth_2,read_after_write,warm,solar-size-1,True,True,True,964,77181,0xf3f7a9fe364faab93b216da50a3214154f22a0a2b415b23a84c8169e8b636ee3,0x0000000000000000000000000000000000000000000000000000000000000000,0x0000000000000000000000000000000000000000000000000000000000000000
scale_mapping_depth_2,read_after_write,warm,solc-0.8.36-legacy-200,True,True,True,1086,100225,0xf3f7a9fe364faab93b216da50a3214154f22a0a2b415b23a84c8169e8b636ee3,0x0000000000000000000000000000000000000000000000000000000000000000,0x0000000000000000000000000000000000000000000000000000000000000000
scale_mapping_depth_2,read_after_write,warm,solc-0.8.36-viair-200,True,True,True,994,95425,0xf3f7a9fe364faab93b216da50a3214154f22a0a2b415b23a84c8169e8b636ee3,0x0000000000000000000000000000000000000000000000000000000000000000,0x0000000000000000000000000000000000000000000000000000000000000000
scale_mapping_depth_2,read_empty_chain,cold,solar-gas-200,True,True,True,4953,76964,0x290decd9548b62a8d60345a988386fc84ba6bc95484008f6362f93160ef3e563,0x0000000000000000000000000000000000000000000000000000000000000000,0x0000000000000000000000000000000000000000000000000000000000000000
scale_mapping_depth_2,read_empty_chain,cold,solar-size-1,True,True,True,4964,77181,0x290decd9548b62a8d60345a988386fc84ba6bc95484008f6362f93160ef3e563,0x0000000000000000000000000000000000000000000000000000000000000000,0x0000000000000000000000000000000000000000000000000000000000000000
scale_mapping_depth_2,read_empty_chain,cold,solc-0.8.36-legacy-200,True,True,True,5086,100225,0x290decd9548b62a8d60345a988386fc84ba6bc95484008f6362f93160ef3e563,0x0000000000000000000000000000000000000000000000000000000000000000,0x0000000000000000000000000000000000000000000000000000000000000000
scale_mapping_depth_2,read_empty_chain,cold,solc-0.8.36-viair-200,True,True,True,4995,95425,0x290decd9548b62a8d60345a988386fc84ba6bc95484008f6362f93160ef3e563,0x0000000000000000000000000000000000000000000000000000000000000000,0x0000000000000000000000000000000000000000000000000000000000000000
scale_mapping_depth_2,write_chain,mixed,solar-gas-200,True,True,True,45184,76964,0xf3f7a9fe364faab93b216da50a3214154f22a0a2b415b23a84c8169e8b636ee3,0x6748c6dc3bf38acc4a83bd6ccf160947c6c2bf6df978006d4ecef96e54c72994,0x0000000000000000000000000000000000000000000000000000000000000000
scale_mapping_depth_2,write_chain,mixed,solar-size-1,True,True,True,45304,77181,0xf3f7a9fe364faab93b216da50a3214154f22a0a2b415b23a84c8169e8b636ee3,0x6748c6dc3bf38acc4a83bd6ccf160947c6c2bf6df978006d4ecef96e54c72994,0x0000000000000000000000000000000000000000000000000000000000000000
scale_mapping_depth_2,write_chain,mixed,solc-0.8.36-legacy-200,True,True,True,45210,100225,0xf3f7a9fe364faab93b216da50a3214154f22a0a2b415b23a84c8169e8b636ee3,0x6748c6dc3bf38acc4a83bd6ccf160947c6c2bf6df978006d4ecef96e54c72994,0x0000000000000000000000000000000000000000000000000000000000000000
scale_mapping_depth_2,write_chain,mixed,solc-0.8.36-viair-200,True,True,True,45031,95425,0xf3f7a9fe364faab93b216da50a3214154f22a0a2b415b23a84c8169e8b636ee3,0x6748c6dc3bf38acc4a83bd6ccf160947c6c2bf6df978006d4ecef96e54c72994,0x0000000000000000000000000000000000000000000000000000000000000000
scale_mapping_depth_32,read_after_write,warm,solar-gas-200,True,True,True,5806,536963,0xd9e4a0e3c13927986ea70e1623ea835c8496b450a0e890e379b63d215edcef4a,0x0000000000000000000000000000000000000000000000000000000000000000,0x0000000000000000000000000000000000000000000000000000000000000000
scale_mapping_depth_32,read_after_write,warm,solar-size-1,True,True,True,6411,542360,0xd9e4a0e3c13927986ea70e1623ea835c8496b450a0e890e379b63d215edcef4a,0x0000000000000000000000000000000000000000000000000000000000000000,0x0000000000000000000000000000000000000000000000000000000000000000
scale_mapping_depth_32,read_after_write,warm,solc-0.8.36-legacy-200,True,True,True,6020,602264,0xd9e4a0e3c13927986ea70e1623ea835c8496b450a0e890e379b63d215edcef4a,0x0000000000000000000000000000000000000000000000000000000000000000,0x0000000000000000000000000000000000000000000000000000000000000000
scale_mapping_depth_32,read_after_write,warm,solc-0.8.36-viair-200,True,True,True,6444,654147,0xd9e4a0e3c13927986ea70e1623ea835c8496b450a0e890e379b63d215edcef4a,0x0000000000000000000000000000000000000000000000000000000000000000,0x0000000000000000000000000000000000000000000000000000000000000000
scale_mapping_depth_32,read_empty_chain,cold,solar-gas-200,True,True,True,69805,536963,0x290decd9548b62a8d60345a988386fc84ba6bc95484008f6362f93160ef3e563,0x0000000000000000000000000000000000000000000000000000000000000000,0x0000000000000000000000000000000000000000000000000000000000000000
scale_mapping_depth_32,read_empty_chain,cold,solar-size-1,True,True,True,70411,542360,0x290decd9548b62a8d60345a988386fc84ba6bc95484008f6362f93160ef3e563,0x0000000000000000000000000000000000000000000000000000000000000000,0x0000000000000000000000000000000000000000000000000000000000000000
scale_mapping_depth_32,read_empty_chain,cold,solc-0.8.36-legacy-200,True,True,True,70021,602264,0x290decd9548b62a8d60345a988386fc84ba6bc95484008f6362f93160ef3e563,0x0000000000000000000000000000000000000000000000000000000000000000,0x0000000000000000000000000000000000000000000000000000000000000000
scale_mapping_depth_32,read_empty_chain,cold,solc-0.8.36-viair-200,True,True,True,70444,654147,0x290decd9548b62a8d60345a988386fc84ba6bc95484008f6362f93160ef3e563,0x0000000000000000000000000000000000000000000000000000000000000000,0x0000000000000000000000000000000000000000000000000000000000000000
scale_mapping_depth_32,write_chain,mixed,solar-gas-200,True,True,True,714583,536963,0xd9e4a0e3c13927986ea70e1623ea835c8496b450a0e890e379b63d215edcef4a,0x3b23d56bbb39db130ef5ad804d9c561487d35854f8b8eca26f134c6d19ca4741,0x0000000000000000000000000000000000000000000000000000000000000000
scale_mapping_depth_32,write_chain,mixed,solar-size-1,True,True,True,715955,542360,0xd9e4a0e3c13927986ea70e1623ea835c8496b450a0e890e379b63d215edcef4a,0x3b23d56bbb39db130ef5ad804d9c561487d35854f8b8eca26f134c6d19ca4741,0x0000000000000000000000000000000000000000000000000000000000000000
scale_mapping_depth_32,write_chain,mixed,solc-0.8.36-legacy-200,True,True,True,712852,602264,0xd9e4a0e3c13927986ea70e1623ea835c8496b450a0e890e379b63d215edcef4a,0x3b23d56bbb39db130ef5ad804d9c561487d35854f8b8eca26f134c6d19ca4741,0x0000000000000000000000000000000000000000000000000000000000000000
scale_mapping_depth_32,write_chain,mixed,solc-0.8.36-viair-200,True,True,True,711277,654147,0xd9e4a0e3c13927986ea70e1623ea835c8496b450a0e890e379b63d215edcef4a,0x3b23d56bbb39db130ef5ad804d9c561487d35854f8b8eca26f134c6d19ca4741,0x0000000000000000000000000000000000000000000000000000000000000000
scale_mapping_depth_4,read_after_write,warm,solar-gas-200,True,True,True,1275,108015,0x8d1108e10bcb7c27dddfc02ed9d693a074039d026cf4ea4240b40f7d581ac802,0x0000000000000000000000000000000000000000000000000000000000000000,0x0000000000000000000000000000000000000000000000000000000000000000
scale_mapping_depth_4,read_after_write,warm,solar-size-1,True,True,True,1330,106604,0x8d1108e10bcb7c27dddfc02ed9d693a074039d026cf4ea4240b40f7d581ac802,0x0000000000000000000000000000000000000000000000000000000000000000,0x0000000000000000000000000000000000000000000000000000000000000000
scale_mapping_depth_4,read_after_write,warm,solc-0.8.36-legacy-200,True,True,True,1457,132265,0x8d1108e10bcb7c27dddfc02ed9d693a074039d026cf4ea4240b40f7d581ac802,0x0000000000000000000000000000000000000000000000000000000000000000,0x0000000000000000000000000000000000000000000000000000000000000000
scale_mapping_depth_4,read_after_write,warm,solc-0.8.36-viair-200,True,True,True,1361,132673,0x8d1108e10bcb7c27dddfc02ed9d693a074039d026cf4ea4240b40f7d581ac802,0x0000000000000000000000000000000000000000000000000000000000000000,0x0000000000000000000000000000000000000000000000000000000000000000
scale_mapping_depth_4,read_empty_chain,cold,solar-gas-200,True,True,True,9275,108015,0x290decd9548b62a8d60345a988386fc84ba6bc95484008f6362f93160ef3e563,0x0000000000000000000000000000000000000000000000000000000000000000,0x0000000000000000000000000000000000000000000000000000000000000000
scale_mapping_depth_4,read_empty_chain,cold,solar-size-1,True,True,True,9330,106604,0x290decd9548b62a8d60345a988386fc84ba6bc95484008f6362f93160ef3e563,0x0000000000000000000000000000000000000000000000000000000000000000,0x0000000000000000000000000000000000000000000000000000000000000000
scale_mapping_depth_4,read_empty_chain,cold,solc-0.8.36-legacy-200,True,True,True,9456,132265,0x290decd9548b62a8d60345a988386fc84ba6bc95484008f6362f93160ef3e563,0x0000000000000000000000000000000000000000000000000000000000000000,0x0000000000000000000000000000000000000000000000000000000000000000
scale_mapping_depth_4,read_empty_chain,cold,solc-0.8.36-viair-200,True,True,True,9360,132673,0x290decd9548b62a8d60345a988386fc84ba6bc95484008f6362f93160ef3e563,0x0000000000000000000000000000000000000000000000000000000000000000,0x0000000000000000000000000000000000000000000000000000000000000000
scale_mapping_depth_4,write_chain,mixed,solar-gas-200,True,True,True,89829,108015,0x8d1108e10bcb7c27dddfc02ed9d693a074039d026cf4ea4240b40f7d581ac802,0x2a037a145b6f6119ca58859835cfc4816d036d18ad46684a166ff858807f75a3,0x0000000000000000000000000000000000000000000000000000000000000000
scale_mapping_depth_4,write_chain,mixed,solar-size-1,True,True,True,90014,106604,0x8d1108e10bcb7c27dddfc02ed9d693a074039d026cf4ea4240b40f7d581ac802,0x2a037a145b6f6119ca58859835cfc4816d036d18ad46684a166ff858807f75a3,0x0000000000000000000000000000000000000000000000000000000000000000
scale_mapping_depth_4,write_chain,mixed,solc-0.8.36-legacy-200,True,True,True,89714,132265,0x8d1108e10bcb7c27dddfc02ed9d693a074039d026cf4ea4240b40f7d581ac802,0x2a037a145b6f6119ca58859835cfc4816d036d18ad46684a166ff858807f75a3,0x0000000000000000000000000000000000000000000000000000000000000000
scale_mapping_depth_4,write_chain,mixed,solc-0.8.36-viair-200,True,True,True,89446,132673,0x8d1108e10bcb7c27dddfc02ed9d693a074039d026cf4ea4240b40f7d581ac802,0x2a037a145b6f6119ca58859835cfc4816d036d18ad46684a166ff858807f75a3,0x0000000000000000000000000000000000000000000000000000000000000000
scale_mapping_depth_64,read_after_write,warm,solar-gas-200,True,True,True,11025,992362,0xc926bd5e26c0144d90e19830526b75365e288d51ddd273be4a67e9d37a725b14,0x0000000000000000000000000000000000000000000000000000000000000000,0x0000000000000000000000000000000000000000000000000000000000000000
scale_mapping_depth_64,read_after_write,warm,solar-size-1,True,True,True,12224,1035812,0xc926bd5e26c0144d90e19830526b75365e288d51ddd273be4a67e9d37a725b14,0x0000000000000000000000000000000000000000000000000000000000000000,0x0000000000000000000000000000000000000000000000000000000000000000
scale_mapping_depth_64,read_after_write,warm,solc-0.8.36-legacy-200,True,True,True,11215,1138779,0xc926bd5e26c0144d90e19830526b75365e288d51ddd273be4a67e9d37a725b14,0x0000000000000000000000000000000000000000000000000000000000000000,0x0000000000000000000000000000000000000000000000000000000000000000
scale_mapping_depth_64,read_after_write,warm,solc-0.8.36-viair-200,True,True,True,12257,1249538,0xc926bd5e26c0144d90e19830526b75365e288d51ddd273be4a67e9d37a725b14,0x0000000000000000000000000000000000000000000000000000000000000000,0x0000000000000000000000000000000000000000000000000000000000000000
scale_mapping_depth_64,read_empty_chain,cold,solar-gas-200,True,True,True,139024,992362,0x290decd9548b62a8d60345a988386fc84ba6bc95484008f6362f93160ef3e563,0x0000000000000000000000000000000000000000000000000000000000000000,0x0000000000000000000000000000000000000000000000000000000000000000
scale_mapping_depth_64,read_empty_chain,cold,solar-size-1,True,True,True,140225,1035812,0x290decd9548b62a8d60345a988386fc84ba6bc95484008f6362f93160ef3e563,0x0000000000000000000000000000000000000000000000000000000000000000,0x0000000000000000000000000000000000000000000000000000000000000000
scale_mapping_depth_64,read_empty_chain,cold,solc-0.8.36-legacy-200,True,True,True,139216,1138779,0x290decd9548b62a8d60345a988386fc84ba6bc95484008f6362f93160ef3e563,0x0000000000000000000000000000000000000000000000000000000000000000,0x0000000000000000000000000000000000000000000000000000000000000000
scale_mapping_depth_64,read_empty_chain,cold,solc-0.8.36-viair-200,True,True,True,140257,1249538,0x290decd9548b62a8d60345a988386fc84ba6bc95484008f6362f93160ef3e563,0x0000000000000000000000000000000000000000000000000000000000000000,0x0000000000000000000000000000000000000000000000000000000000000000
scale_mapping_depth_64,write_chain,mixed,solar-gas-200,True,True,True,1428536,992362,0xc926bd5e26c0144d90e19830526b75365e288d51ddd273be4a67e9d37a725b14,0x2d2f7baa92ef411736e9534d64cd44004bf649681b70819af37513cef8b3f008,0x0000000000000000000000000000000000000000000000000000000000000000
scale_mapping_depth_64,write_chain,mixed,solar-size-1,True,True,True,1431317,1035812,0xc926bd5e26c0144d90e19830526b75365e288d51ddd273be4a67e9d37a725b14,0x2d2f7baa92ef411736e9534d64cd44004bf649681b70819af37513cef8b3f008,0x0000000000000000000000000000000000000000000000000000000000000000
scale_mapping_depth_64,write_chain,mixed,solc-0.8.36-legacy-200,True,True,True,1424949,1138779,0xc926bd5e26c0144d90e19830526b75365e288d51ddd273be4a67e9d37a725b14,0x2d2f7baa92ef411736e9534d64cd44004bf649681b70819af37513cef8b3f008,0x0000000000000000000000000000000000000000000000000000000000000000
scale_mapping_depth_64,write_chain,mixed,solc-0.8.36-viair-200,True,True,True,1421937,1249538,0xc926bd5e26c0144d90e19830526b75365e288d51ddd273be4a67e9d37a725b14,0x2d2f7baa92ef411736e9534d64cd44004bf649681b70819af37513cef8b3f008,0x0000000000000000000000000000000000000000000000000000000000000000
scale_mapping_depth_8,read_after_write,warm,solar-gas-200,True,True,True,1889,172695,0xcb7c14ce178f56e2e8d86ab33ebc0ae081ba8556a00cd122038841867181caac,0x0000000000000000000000000000000000000000000000000000000000000000,0x0000000000000000000000000000000000000000000000000000000000000000
scale_mapping_depth_8,read_after_write,warm,solar-size-1,True,True,True,2062,165676,0xcb7c14ce178f56e2e8d86ab33ebc0ae081ba8556a00cd122038841867181caac,0x0000000000000000000000000000000000000000000000000000000000000000,0x0000000000000000000000000000000000000000000000000000000000000000
scale_mapping_depth_8,read_after_write,warm,solc-0.8.36-legacy-200,True,True,True,2108,199152,0xcb7c14ce178f56e2e8d86ab33ebc0ae081ba8556a00cd122038841867181caac,0x0000000000000000000000000000000000000000000000000000000000000000,0x0000000000000000000000000000000000000000000000000000000000000000
scale_mapping_depth_8,read_after_write,warm,solc-0.8.36-viair-200,True,True,True,2093,206971,0xcb7c14ce178f56e2e8d86ab33ebc0ae081ba8556a00cd122038841867181caac,0x0000000000000000000000000000000000000000000000000000000000000000,0x0000000000000000000000000000000000000000000000000000000000000000
scale_mapping_depth_8,read_empty_chain,cold,solar-gas-200,True,True,True,17888,172695,0x290decd9548b62a8d60345a988386fc84ba6bc95484008f6362f93160ef3e563,0x0000000000000000000000000000000000000000000000000000000000000000,0x0000000000000000000000000000000000000000000000000000000000000000
scale_mapping_depth_8,read_empty_chain,cold,solar-size-1,True,True,True,18062,165676,0x290decd9548b62a8d60345a988386fc84ba6bc95484008f6362f93160ef3e563,0x0000000000000000000000000000000000000000000000000000000000000000,0x0000000000000000000000000000000000000000000000000000000000000000
scale_mapping_depth_8,read_empty_chain,cold,solc-0.8.36-legacy-200,True,True,True,18109,199152,0x290decd9548b62a8d60345a988386fc84ba6bc95484008f6362f93160ef3e563,0x0000000000000000000000000000000000000000000000000000000000000000,0x0000000000000000000000000000000000000000000000000000000000000000
scale_mapping_depth_8,read_empty_chain,cold,solc-0.8.36-viair-200,True,True,True,18092,206971,0x290decd9548b62a8d60345a988386fc84ba6bc95484008f6362f93160ef3e563,0x0000000000000000000000000000000000000000000000000000000000000000,0x0000000000000000000000000000000000000000000000000000000000000000
scale_mapping_depth_8,write_chain,mixed,solar-gas-200,True,True,True,179085,172695,0xcb7c14ce178f56e2e8d86ab33ebc0ae081ba8556a00cd122038841867181caac,0xfb77d63229e096ac6e3109fecc9054de88d4f33c7a1117e2063f7e69606d4a69,0x0000000000000000000000000000000000000000000000000000000000000000
scale_mapping_depth_8,write_chain,mixed,solar-size-1,True,True,True,179434,165676,0xcb7c14ce178f56e2e8d86ab33ebc0ae081ba8556a00cd122038841867181caac,0xfb77d63229e096ac6e3109fecc9054de88d4f33c7a1117e2063f7e69606d4a69,0x0000000000000000000000000000000000000000000000000000000000000000
scale_mapping_depth_8,write_chain,mixed,solc-0.8.36-legacy-200,True,True,True,178746,199152,0xcb7c14ce178f56e2e8d86ab33ebc0ae081ba8556a00cd122038841867181caac,0xfb77d63229e096ac6e3109fecc9054de88d4f33c7a1117e2063f7e69606d4a69,0x0000000000000000000000000000000000000000000000000000000000000000
scale_mapping_depth_8,write_chain,mixed,solc-0.8.36-viair-200,True,True,True,178278,206971,0xcb7c14ce178f56e2e8d86ab33ebc0ae081ba8556a00cd122038841867181caac,0xfb77d63229e096ac6e3109fecc9054de88d4f33c7a1117e2063f7e69606d4a69,0x0000000000000000000000000000000000000000000000000000000000000000
scale_storage_slots_1,read_after_write,warm,solar-gas-200,True,True,True,629,45341,0xa66cc928b5edb82af9bd49922954155ab7b0942694bea4ce44661d9a8736c688,0x0000000000000000000000000000000000000000000000000000000000000000,0x0000000000000000000000000000000000000000000000000000000000000000
scale_storage_slots_1,read_after_write,warm,solar-size-1,True,True,True,629,45341,0xa66cc928b5edb82af9bd49922954155ab7b0942694bea4ce44661d9a8736c688,0x0000000000000000000000000000000000000000000000000000000000000000,0x0000000000000000000000000000000000000000000000000000000000000000
scale_storage_slots_1,read_after_write,warm,solc-0.8.36-legacy-200,True,True,True,804,72782,0xa66cc928b5edb82af9bd49922954155ab7b0942694bea4ce44661d9a8736c688,0x0000000000000000000000000000000000000000000000000000000000000000,0x0000000000000000000000000000000000000000000000000000000000000000
scale_storage_slots_1,read_after_write,warm,solc-0.8.36-viair-200,True,True,True,697,60385,0xa66cc928b5edb82af9bd49922954155ab7b0942694bea4ce44661d9a8736c688,0x0000000000000000000000000000000000000000000000000000000000000000,0x0000000000000000000000000000000000000000000000000000000000000000
scale_storage_slots_1,read_initial,cold,solar-gas-200,True,True,True,2628,45341,0x290decd9548b62a8d60345a988386fc84ba6bc95484008f6362f93160ef3e563,0x0000000000000000000000000000000000000000000000000000000000000000,0x0000000000000000000000000000000000000000000000000000000000000000
scale_storage_slots_1,read_initial,cold,solar-size-1,True,True,True,2628,45341,0x290decd9548b62a8d60345a988386fc84ba6bc95484008f6362f93160ef3e563,0x0000000000000000000000000000000000000000000000000000000000000000,0x0000000000000000000000000000000000000000000000000000000000000000
scale_storage_slots_1,read_initial,cold,solc-0.8.36-legacy-200,True,True,True,2804,72782,0x290decd9548b62a8d60345a988386fc84ba6bc95484008f6362f93160ef3e563,0x0000000000000000000000000000000000000000000000000000000000000000,0x0000000000000000000000000000000000000000000000000000000000000000
scale_storage_slots_1,read_initial,cold,solc-0.8.36-viair-200,True,True,True,2697,60385,0x290decd9548b62a8d60345a988386fc84ba6bc95484008f6362f93160ef3e563,0x0000000000000000000000000000000000000000000000000000000000000000,0x0000000000000000000000000000000000000000000000000000000000000000
scale_storage_slots_1,write_all,mixed,solar-gas-200,True,True,True,22801,45341,0xa66cc928b5edb82af9bd49922954155ab7b0942694bea4ce44661d9a8736c688,0x4517d756f66cbdda0c92cf2b3e4d90c86ed453945473d7197962f3ddf238ce03,0x0000000000000000000000000000000000000000000000000000000000000000
scale_storage_slots_1,write_all,mixed,solar-size-1,True,True,True,22801,45341,0xa66cc928b5edb82af9bd49922954155ab7b0942694bea4ce44661d9a8736c688,0x4517d756f66cbdda0c92cf2b3e4d90c86ed453945473d7197962f3ddf238ce03,0x0000000000000000000000000000000000000000000000000000000000000000
scale_storage_slots_1,write_all,mixed,solc-0.8.36-legacy-200,True,True,True,23006,72782,0xa66cc928b5edb82af9bd49922954155ab7b0942694bea4ce44661d9a8736c688,0x4517d756f66cbdda0c92cf2b3e4d90c86ed453945473d7197962f3ddf238ce03,0x0000000000000000000000000000000000000000000000000000000000000000
scale_storage_slots_1,write_all,mixed,solc-0.8.36-viair-200,True,True,True,22756,60385,0xa66cc928b5edb82af9bd49922954155ab7b0942694bea4ce44661d9a8736c688,0x4517d756f66cbdda0c92cf2b3e4d90c86ed453945473d7197962f3ddf238ce03,0x0000000000000000000000000000000000000000000000000000000000000000
scale_storage_slots_16,read_after_write,warm,solar-gas-200,True,True,True,2658,239383,0x53c8da29bfa275271df3f270296d5a7d61b57f8848c89b3f65f49e21340b7592,0x0000000000000000000000000000000000000000000000000000000000000000,0x0000000000000000000000000000000000000000000000000000000000000000
scale_storage_slots_16,read_after_write,warm,solar-size-1,True,True,True,2694,211750,0x53c8da29bfa275271df3f270296d5a7d61b57f8848c89b3f65f49e21340b7592,0x0000000000000000000000000000000000000000000000000000000000000000,0x0000000000000000000000000000000000000000000000000000000000000000
scale_storage_slots_16,read_after_write,warm,solc-0.8.36-legacy-200,True,True,True,3640,278040,0x53c8da29bfa275271df3f270296d5a7d61b57f8848c89b3f65f49e21340b7592,0x0000000000000000000000000000000000000000000000000000000000000000,0x0000000000000000000000000000000000000000000000000000000000000000
scale_storage_slots_16,read_after_write,warm,solc-0.8.36-viair-200,True,True,True,3258,297085,0x53c8da29bfa275271df3f270296d5a7d61b57f8848c89b3f65f49e21340b7592,0x0000000000000000000000000000000000000000000000000000000000000000,0x0000000000000000000000000000000000000000000000000000000000000000
scale_storage_slots_16,read_initial,cold,solar-gas-200,True,True,True,34658,239383,0x290decd9548b62a8d60345a988386fc84ba6bc95484008f6362f93160ef3e563,0x0000000000000000000000000000000000000000000000000000000000000000,0x0000000000000000000000000000000000000000000000000000000000000000
scale_storage_slots_16,read_initial,cold,solar-size-1,True,True,True,34695,211750,0x290decd9548b62a8d60345a988386fc84ba6bc95484008f6362f93160ef3e563,0x0000000000000000000000000000000000000000000000000000000000000000,0x0000000000000000000000000000000000000000000000000000000000000000
scale_storage_slots_16,read_initial,cold,solc-0.8.36-legacy-200,True,True,True,35640,278040,0x290decd9548b62a8d60345a988386fc84ba6bc95484008f6362f93160ef3e563,0x0000000000000000000000000000000000000000000000000000000000000000,0x0000000000000000000000000000000000000000000000000000000000000000
scale_storage_slots_16,read_initial,cold,solc-0.8.36-viair-200,True,True,True,35258,297085,0x290decd9548b62a8d60345a988386fc84ba6bc95484008f6362f93160ef3e563,0x0000000000000000000000000000000000000000000000000000000000000000,0x0000000000000000000000000000000000000000000000000000000000000000
scale_storage_slots_16,write_all,mixed,solar-gas-200,True,True,True,356921,239383,0x53c8da29bfa275271df3f270296d5a7d61b57f8848c89b3f65f49e21340b7592,0x32e7a48136aaef6f271e56ab0cff06b3be9c5249090528d2d2bcd3901c13b322,0x0000000000000000000000000000000000000000000000000000000000000000
scale_storage_slots_16,write_all,mixed,solar-size-1,True,True,True,357682,211750,0x53c8da29bfa275271df3f270296d5a7d61b57f8848c89b3f65f49e21340b7592,0x32e7a48136aaef6f271e56ab0cff06b3be9c5249090528d2d2bcd3901c13b322,0x0000000000000000000000000000000000000000000000000000000000000000
scale_storage_slots_16,write_all,mixed,solc-0.8.36-legacy-200,True,True,True,357032,278040,0x53c8da29bfa275271df3f270296d5a7d61b57f8848c89b3f65f49e21340b7592,0x32e7a48136aaef6f271e56ab0cff06b3be9c5249090528d2d2bcd3901c13b322,0x0000000000000000000000000000000000000000000000000000000000000000
scale_storage_slots_16,write_all,mixed,solc-0.8.36-viair-200,True,True,True,356049,297085,0x53c8da29bfa275271df3f270296d5a7d61b57f8848c89b3f65f49e21340b7592,0x32e7a48136aaef6f271e56ab0cff06b3be9c5249090528d2d2bcd3901c13b322,0x0000000000000000000000000000000000000000000000000000000000000000
scale_storage_slots_2,read_after_write,warm,solar-gas-200,True,True,True,783,61159,0x8d1108e10bcb7c27dddfc02ed9d693a074039d026cf4ea4240b40f7d581ac802,0x0000000000000000000000000000000000000000000000000000000000000000,0x0000000000000000000000000000000000000000000000000000000000000000
scale_storage_slots_2,read_after_write,warm,solar-size-1,True,True,True,783,61159,0x8d1108e10bcb7c27dddfc02ed9d693a074039d026cf4ea4240b40f7d581ac802,0x0000000000000000000000000000000000000000000000000000000000000000,0x0000000000000000000000000000000000000000000000000000000000000000
scale_storage_slots_2,read_after_write,warm,solc-0.8.36-legacy-200,True,True,True,990,89598,0x8d1108e10bcb7c27dddfc02ed9d693a074039d026cf4ea4240b40f7d581ac802,0x0000000000000000000000000000000000000000000000000000000000000000,0x0000000000000000000000000000000000000000000000000000000000000000
scale_storage_slots_2,read_after_write,warm,solc-0.8.36-viair-200,True,True,True,850,78609,0x8d1108e10bcb7c27dddfc02ed9d693a074039d026cf4ea4240b40f7d581ac802,0x0000000000000000000000000000000000000000000000000000000000000000,0x0000000000000000000000000000000000000000000000000000000000000000
scale_storage_slots_2,read_initial,cold,solar-gas-200,True,True,True,4783,61159,0x290decd9548b62a8d60345a988386fc84ba6bc95484008f6362f93160ef3e563,0x0000000000000000000000000000000000000000000000000000000000000000,0x0000000000000000000000000000000000000000000000000000000000000000
scale_storage_slots_2,read_initial,cold,solar-size-1,True,True,True,4783,61159,0x290decd9548b62a8d60345a988386fc84ba6bc95484008f6362f93160ef3e563,0x0000000000000000000000000000000000000000000000000000000000000000,0x0000000000000000000000000000000000000000000000000000000000000000
scale_storage_slots_2,read_initial,cold,solc-0.8.36-legacy-200,True,True,True,4990,89598,0x290decd9548b62a8d60345a988386fc84ba6bc95484008f6362f93160ef3e563,0x0000000000000000000000000000000000000000000000000000000000000000,0x0000000000000000000000000000000000000000000000000000000000000000
scale_storage_slots_2,read_initial,cold,solc-0.8.36-viair-200,True,True,True,4850,78609,0x290decd9548b62a8d60345a988386fc84ba6bc95484008f6362f93160ef3e563,0x0000000000000000000000000000000000000000000000000000000000000000,0x0000000000000000000000000000000000000000000000000000000000000000
scale_storage_slots_2,write_all,mixed,solar-gas-200,True,True,True,45107,61159,0x8d1108e10bcb7c27dddfc02ed9d693a074039d026cf4ea4240b40f7d581ac802,0x2a037a145b6f6119ca58859835cfc4816d036d18ad46684a166ff858807f75a3,0x0000000000000000000000000000000000000000000000000000000000000000
scale_storage_slots_2,write_all,mixed,solar-size-1,True,True,True,45107,61159,0x8d1108e10bcb7c27dddfc02ed9d693a074039d026cf4ea4240b40f7d581ac802,0x2a037a145b6f6119ca58859835cfc4816d036d18ad46684a166ff858807f75a3,0x0000000000000000000000000000000000000000000000000000000000000000
scale_storage_slots_2,write_all,mixed,solc-0.8.36-legacy-200,True,True,True,45293,89598,0x8d1108e10bcb7c27dddfc02ed9d693a074039d026cf4ea4240b40f7d581ac802,0x2a037a145b6f6119ca58859835cfc4816d036d18ad46684a166ff858807f75a3,0x0000000000000000000000000000000000000000000000000000000000000000
scale_storage_slots_2,write_all,mixed,solc-0.8.36-viair-200,True,True,True,44974,78609,0x8d1108e10bcb7c27dddfc02ed9d693a074039d026cf4ea4240b40f7d581ac802,0x2a037a145b6f6119ca58859835cfc4816d036d18ad46684a166ff858807f75a3,0x0000000000000000000000000000000000000000000000000000000000000000
scale_storage_slots_32,read_after_write,warm,solar-gas-200,True,True,True,4782,431028,0xd172e3a86fc4d8782ac294aa9b0bebcc0507f8bdf5c876845d72739141ba7065,0x0000000000000000000000000000000000000000000000000000000000000000,0x0000000000000000000000000000000000000000000000000000000000000000
scale_storage_slots_32,read_after_write,warm,solar-size-1,True,True,True,4879,401578,0xd172e3a86fc4d8782ac294aa9b0bebcc0507f8bdf5c876845d72739141ba7065,0x0000000000000000000000000000000000000000000000000000000000000000,0x0000000000000000000000000000000000000000000000000000000000000000
scale_storage_slots_32,read_after_write,warm,solc-0.8.36-legacy-200,True,True,True,6639,495131,0xd172e3a86fc4d8782ac294aa9b0bebcc0507f8bdf5c876845d72739141ba7065,0x0000000000000000000000000000000000000000000000000000000000000000,0x0000000000000000000000000000000000000000000000000000000000000000
scale_storage_slots_32,read_after_write,warm,solc-0.8.36-viair-200,True,True,True,5970,540998,0xd172e3a86fc4d8782ac294aa9b0bebcc0507f8bdf5c876845d72739141ba7065,0x0000000000000000000000000000000000000000000000000000000000000000,0x0000000000000000000000000000000000000000000000000000000000000000
scale_storage_slots_32,read_initial,cold,solar-gas-200,True,True,True,68781,431028,0x290decd9548b62a8d60345a988386fc84ba6bc95484008f6362f93160ef3e563,0x0000000000000000000000000000000000000000000000000000000000000000,0x0000000000000000000000000000000000000000000000000000000000000000
scale_storage_slots_32,read_initial,cold,solar-size-1,True,True,True,68878,401578,0x290decd9548b62a8d60345a988386fc84ba6bc95484008f6362f93160ef3e563,0x0000000000000000000000000000000000000000000000000000000000000000,0x0000000000000000000000000000000000000000000000000000000000000000
scale_storage_slots_32,read_initial,cold,solc-0.8.36-legacy-200,True,True,True,70639,495131,0x290decd9548b62a8d60345a988386fc84ba6bc95484008f6362f93160ef3e563,0x0000000000000000000000000000000000000000000000000000000000000000,0x0000000000000000000000000000000000000000000000000000000000000000
scale_storage_slots_32,read_initial,cold,solc-0.8.36-viair-200,True,True,True,69971,540998,0x290decd9548b62a8d60345a988386fc84ba6bc95484008f6362f93160ef3e563,0x0000000000000000000000000000000000000000000000000000000000000000,0x0000000000000000000000000000000000000000000000000000000000000000
scale_storage_slots_32,write_all,mixed,solar-gas-200,True,True,True,713283,431028,0xd172e3a86fc4d8782ac294aa9b0bebcc0507f8bdf5c876845d72739141ba7065,0x3b4b0bba4fcb21918eef1d414c54daa06e363a5ede5a9d586ff269d4ca0fd13b,0x0000000000000000000000000000000000000000000000000000000000000000
scale_storage_slots_32,write_all,mixed,solar-size-1,True,True,True,714855,401578,0xd172e3a86fc4d8782ac294aa9b0bebcc0507f8bdf5c876845d72739141ba7065,0x3b4b0bba4fcb21918eef1d414c54daa06e363a5ede5a9d586ff269d4ca0fd13b,0x0000000000000000000000000000000000000000000000000000000000000000
scale_storage_slots_32,write_all,mixed,solc-0.8.36-legacy-200,True,True,True,713234,495131,0xd172e3a86fc4d8782ac294aa9b0bebcc0507f8bdf5c876845d72739141ba7065,0x3b4b0bba4fcb21918eef1d414c54daa06e363a5ede5a9d586ff269d4ca0fd13b,0x0000000000000000000000000000000000000000000000000000000000000000
scale_storage_slots_32,write_all,mixed,solc-0.8.36-viair-200,True,True,True,711525,540998,0xd172e3a86fc4d8782ac294aa9b0bebcc0507f8bdf5c876845d72739141ba7065,0x3b4b0bba4fcb21918eef1d414c54daa06e363a5ede5a9d586ff269d4ca0fd13b,0x0000000000000000000000000000000000000000000000000000000000000000
scale_storage_slots_4,read_after_write,warm,solar-gas-200,True,True,True,1090,85989,0x61035b26e3e9eee00e0d72fd1ee8ddca6894550dca6916ea2ac6baa90d11e510,0x0000000000000000000000000000000000000000000000000000000000000000,0x0000000000000000000000000000000000000000000000000000000000000000
scale_storage_slots_4,read_after_write,warm,solar-size-1,True,True,True,1067,83183,0x61035b26e3e9eee00e0d72fd1ee8ddca6894550dca6916ea2ac6baa90d11e510,0x0000000000000000000000000000000000000000000000000000000000000000,0x0000000000000000000000000000000000000000000000000000000000000000
scale_storage_slots_4,read_after_write,warm,solc-0.8.36-legacy-200,True,True,True,1384,115230,0x61035b26e3e9eee00e0d72fd1ee8ddca6894550dca6916ea2ac6baa90d11e510,0x0000000000000000000000000000000000000000000000000000000000000000,0x0000000000000000000000000000000000000000000000000000000000000000
scale_storage_slots_4,read_after_write,warm,solc-0.8.36-viair-200,True,True,True,1219,113449,0x61035b26e3e9eee00e0d72fd1ee8ddca6894550dca6916ea2ac6baa90d11e510,0x0000000000000000000000000000000000000000000000000000000000000000,0x0000000000000000000000000000000000000000000000000000000000000000
scale_storage_slots_4,read_initial,cold,solar-gas-200,True,True,True,9090,85989,0x290decd9548b62a8d60345a988386fc84ba6bc95484008f6362f93160ef3e563,0x0000000000000000000000000000000000000000000000000000000000000000,0x0000000000000000000000000000000000000000000000000000000000000000
scale_storage_slots_4,read_initial,cold,solar-size-1,True,True,True,9067,83183,0x290decd9548b62a8d60345a988386fc84ba6bc95484008f6362f93160ef3e563,0x0000000000000000000000000000000000000000000000000000000000000000,0x0000000000000000000000000000000000000000000000000000000000000000
scale_storage_slots_4,read_initial,cold,solc-0.8.36-legacy-200,True,True,True,9384,115230,0x290decd9548b62a8d60345a988386fc84ba6bc95484008f6362f93160ef3e563,0x0000000000000000000000000000000000000000000000000000000000000000,0x0000000000000000000000000000000000000000000000000000000000000000
scale_storage_slots_4,read_initial,cold,solc-0.8.36-viair-200,True,True,True,9219,113449,0x290decd9548b62a8d60345a988386fc84ba6bc95484008f6362f93160ef3e563,0x0000000000000000000000000000000000000000000000000000000000000000,0x0000000000000000000000000000000000000000000000000000000000000000
scale_storage_slots_4,write_all,mixed,solar-gas-200,True,True,True,89649,85989,0x61035b26e3e9eee00e0d72fd1ee8ddca6894550dca6916ea2ac6baa90d11e510,0x3eca99ceed0ec76232f3f539dfd67a84649dfd6cc0a0db35660172f986e868a9,0x0000000000000000000000000000000000000000000000000000000000000000
scale_storage_slots_4,write_all,mixed,solar-size-1,True,True,True,89693,83183,0x61035b26e3e9eee00e0d72fd1ee8ddca6894550dca6916ea2ac6baa90d11e510,0x3eca99ceed0ec76232f3f539dfd67a84649dfd6cc0a0db35660172f986e868a9,0x0000000000000000000000000000000000000000000000000000000000000000
scale_storage_slots_4,write_all,mixed,solc-0.8.36-legacy-200,True,True,True,89864,115230,0x61035b26e3e9eee00e0d72fd1ee8ddca6894550dca6916ea2ac6baa90d11e510,0x3eca99ceed0ec76232f3f539dfd67a84649dfd6cc0a0db35660172f986e868a9,0x0000000000000000000000000000000000000000000000000000000000000000
scale_storage_slots_4,write_all,mixed,solc-0.8.36-viair-200,True,True,True,89422,113449,0x61035b26e3e9eee00e0d72fd1ee8ddca6894550dca6916ea2ac6baa90d11e510,0x3eca99ceed0ec76232f3f539dfd67a84649dfd6cc0a0db35660172f986e868a9,0x0000000000000000000000000000000000000000000000000000000000000000
scale_storage_slots_64,read_after_write,warm,solar-gas-200,True,True,True,9040,790696,0xbb3720947ca5ae71fff63ef6845f9866998c631176cc925e606e1dd84fb8b8f6,0x0000000000000000000000000000000000000000000000000000000000000000,0x0000000000000000000000000000000000000000000000000000000000000000
scale_storage_slots_64,read_after_write,warm,solar-size-1,True,True,True,9313,760456,0xbb3720947ca5ae71fff63ef6845f9866998c631176cc925e606e1dd84fb8b8f6,0x0000000000000000000000000000000000000000000000000000000000000000,0x0000000000000000000000000000000000000000000000000000000000000000
scale_storage_slots_64,read_after_write,warm,solc-0.8.36-legacy-200,True,True,True,12680,929284,0xbb3720947ca5ae71fff63ef6845f9866998c631176cc925e606e1dd84fb8b8f6,0x0000000000000000000000000000000000000000000000000000000000000000,0x0000000000000000000000000000000000000000000000000000000000000000
scale_storage_slots_64,read_after_write,warm,solc-0.8.36-viair-200,True,True,True,11462,1028443,0xbb3720947ca5ae71fff63ef6845f9866998c631176cc925e606e1dd84fb8b8f6,0x0000000000000000000000000000000000000000000000000000000000000000,0x0000000000000000000000000000000000000000000000000000000000000000
scale_storage_slots_64,read_initial,cold,solar-gas-200,True,True,True,137040,790696,0x290decd9548b62a8d60345a988386fc84ba6bc95484008f6362f93160ef3e563,0x0000000000000000000000000000000000000000000000000000000000000000,0x0000000000000000000000000000000000000000000000000000000000000000
scale_storage_slots_64,read_initial,cold,solar-size-1,True,True,True,137313,760456,0x290decd9548b62a8d60345a988386fc84ba6bc95484008f6362f93160ef3e563,0x0000000000000000000000000000000000000000000000000000000000000000,0x0000000000000000000000000000000000000000000000000000000000000000
scale_storage_slots_64,read_initial,cold,solc-0.8.36-legacy-200,True,True,True,140681,929284,0x290decd9548b62a8d60345a988386fc84ba6bc95484008f6362f93160ef3e563,0x0000000000000000000000000000000000000000000000000000000000000000,0x0000000000000000000000000000000000000000000000000000000000000000
scale_storage_slots_64,read_initial,cold,solc-0.8.36-viair-200,True,True,True,139462,1028443,0x290decd9548b62a8d60345a988386fc84ba6bc95484008f6362f93160ef3e563,0x0000000000000000000000000000000000000000000000000000000000000000,0x0000000000000000000000000000000000000000000000000000000000000000
scale_storage_slots_64,write_all,mixed,solar-gas-200,True,True,True,1425954,790696,0xbb3720947ca5ae71fff63ef6845f9866998c631176cc925e606e1dd84fb8b8f6,0x7e6795e546ebd39e445b78f7654be5d6129d720f54018168ede24a20e88ba2af,0x0000000000000000000000000000000000000000000000000000000000000000
scale_storage_slots_64,write_all,mixed,solar-size-1,True,True,True,1429221,760456,0xbb3720947ca5ae71fff63ef6845f9866998c631176cc925e606e1dd84fb8b8f6,0x7e6795e546ebd39e445b78f7654be5d6129d720f54018168ede24a20e88ba2af,0x0000000000000000000000000000000000000000000000000000000000000000
scale_storage_slots_64,write_all,mixed,solc-0.8.36-legacy-200,True,True,True,1425728,929284,0xbb3720947ca5ae71fff63ef6845f9866998c631176cc925e606e1dd84fb8b8f6,0x7e6795e546ebd39e445b78f7654be5d6129d720f54018168ede24a20e88ba2af,0x0000000000000000000000000000000000000000000000000000000000000000
scale_storage_slots_64,write_all,mixed,solc-0.8.36-viair-200,True,True,True,1422499,1028443,0xbb3720947ca5ae71fff63ef6845f9866998c631176cc925e606e1dd84fb8b8f6,0x7e6795e546ebd39e445b78f7654be5d6129d720f54018168ede24a20e88ba2af,0x0000000000000000000000000000000000000000000000000000000000000000
scale_storage_slots_8,read_after_write,warm,solar-gas-200,True,True,True,1604,137655,0xf0d642dbc7517672e217238a2f008f4f8cdad0586d8ce5113e9e09dcc6860619,0x0000000000000000000000000000000000000000000000000000000000000000,0x0000000000000000000000000000000000000000000000000000000000000000
scale_storage_slots_8,read_after_write,warm,solar-size-1,True,True,True,1613,127439,0xf0d642dbc7517672e217238a2f008f4f8cdad0586d8ce5113e9e09dcc6860619,0x0000000000000000000000000000000000000000000000000000000000000000,0x0000000000000000000000000000000000000000000000000000000000000000
scale_storage_slots_8,read_after_write,warm,solc-0.8.36-legacy-200,True,True,True,2173,169502,0xf0d642dbc7517672e217238a2f008f4f8cdad0586d8ce5113e9e09dcc6860619,0x0000000000000000000000000000000000000000000000000000000000000000,0x0000000000000000000000000000000000000000000000000000000000000000
scale_storage_slots_8,read_after_write,warm,solc-0.8.36-viair-200,True,True,True,1902,175330,0xf0d642dbc7517672e217238a2f008f4f8cdad0586d8ce5113e9e09dcc6860619,0x0000000000000000000000000000000000000000000000000000000000000000,0x0000000000000000000000000000000000000000000000000000000000000000
scale_storage_slots_8,read_initial,cold,solar-gas-200,True,True,True,17604,137655,0x290decd9548b62a8d60345a988386fc84ba6bc95484008f6362f93160ef3e563,0x0000000000000000000000000000000000000000000000000000000000000000,0x0000000000000000000000000000000000000000000000000000000000000000
scale_storage_slots_8,read_initial,cold,solar-size-1,True,True,True,17613,127439,0x290decd9548b62a8d60345a988386fc84ba6bc95484008f6362f93160ef3e563,0x0000000000000000000000000000000000000000000000000000000000000000,0x0000000000000000000000000000000000000000000000000000000000000000
scale_storage_slots_8,read_initial,cold,solc-0.8.36-legacy-200,True,True,True,18173,169502,0x290decd9548b62a8d60345a988386fc84ba6bc95484008f6362f93160ef3e563,0x0000000000000000000000000000000000000000000000000000000000000000,0x0000000000000000000000000000000000000000000000000000000000000000
scale_storage_slots_8,read_initial,cold,solc-0.8.36-viair-200,True,True,True,17902,175330,0x290decd9548b62a8d60345a988386fc84ba6bc95484008f6362f93160ef3e563,0x0000000000000000000000000000000000000000000000000000000000000000,0x0000000000000000000000000000000000000000000000000000000000000000
scale_storage_slots_8,write_all,mixed,solar-gas-200,True,True,True,178702,137655,0xf0d642dbc7517672e217238a2f008f4f8cdad0586d8ce5113e9e09dcc6860619,0x89b62d2ed65fe87ee983e28c03fb2a007d81534948dab282b84e048352edfbfe,0x0000000000000000000000000000000000000000000000000000000000000000
scale_storage_slots_8,write_all,mixed,solar-size-1,True,True,True,178843,127439,0xf0d642dbc7517672e217238a2f008f4f8cdad0586d8ce5113e9e09dcc6860619,0x89b62d2ed65fe87ee983e28c03fb2a007d81534948dab282b84e048352edfbfe,0x0000000000000000000000000000000000000000000000000000000000000000
scale_storage_slots_8,write_all,mixed,solc-0.8.36-legacy-200,True,True,True,178898,169502,0xf0d642dbc7517672e217238a2f008f4f8cdad0586d8ce5113e9e09dcc6860619,0x89b62d2ed65fe87ee983e28c03fb2a007d81534948dab282b84e048352edfbfe,0x0000000000000000000000000000000000000000000000000000000000000000
scale_storage_slots_8,write_all,mixed,solc-0.8.36-viair-200,True,True,True,178288,175330,0xf0d642dbc7517672e217238a2f008f4f8cdad0586d8ce5113e9e09dcc6860619,0x89b62d2ed65fe87ee983e28c03fb2a007d81534948dab282b84e048352edfbfe,0x0000000000000000000000000000000000000000000000000000000000000000
scaling_dispatch_N,first_selector,cold,solar-gas-200,True,True,True,673,186918,0x290decd9548b62a8d60345a988386fc84ba6bc95484008f6362f93160ef3e563,0x14d1565e4ab56f22d4f1ea0ef735a6057623e3287b37b333b459d4d319835e8f,0x0000000000000000000000000000000000000000000000000000000000000000
scaling_dispatch_N,first_selector,cold,solar-size-1,True,True,True,1069,161085,0x290decd9548b62a8d60345a988386fc84ba6bc95484008f6362f93160ef3e563,0x14d1565e4ab56f22d4f1ea0ef735a6057623e3287b37b333b459d4d319835e8f,0x0000000000000000000000000000000000000000000000000000000000000000
scaling_dispatch_N,first_selector,cold,solc-0.8.36-legacy-200,True,True,True,739,192733,0x290decd9548b62a8d60345a988386fc84ba6bc95484008f6362f93160ef3e563,0x14d1565e4ab56f22d4f1ea0ef735a6057623e3287b37b333b459d4d319835e8f,0x0000000000000000000000000000000000000000000000000000000000000000
scaling_dispatch_N,first_selector,cold,solc-0.8.36-viair-200,True,True,True,1130,298085,0x290decd9548b62a8d60345a988386fc84ba6bc95484008f6362f93160ef3e563,0x14d1565e4ab56f22d4f1ea0ef735a6057623e3287b37b333b459d4d319835e8f,0x0000000000000000000000000000000000000000000000000000000000000000
scaling_dispatch_N,last_selector,cold,solar-gas-200,True,True,True,675,186918,0xa03837a25210ee280c2113ff4b77ca23440b19d4866cca721c801278fd08d807,0x14d1565e4ab56f22d4f1ea0ef735a6057623e3287b37b333b459d4d319835e8f,0x0000000000000000000000000000000000000000000000000000000000000000
scaling_dispatch_N,last_selector,cold,solar-size-1,True,True,True,696,161085,0xa03837a25210ee280c2113ff4b77ca23440b19d4866cca721c801278fd08d807,0x14d1565e4ab56f22d4f1ea0ef735a6057623e3287b37b333b459d4d319835e8f,0x0000000000000000000000000000000000000000000000000000000000000000
scaling_dispatch_N,last_selector,cold,solc-0.8.36-legacy-200,True,True,True,741,192733,0xa03837a25210ee280c2113ff4b77ca23440b19d4866cca721c801278fd08d807,0x14d1565e4ab56f22d4f1ea0ef735a6057623e3287b37b333b459d4d319835e8f,0x0000000000000000000000000000000000000000000000000000000000000000
scaling_dispatch_N,last_selector,cold,solc-0.8.36-viair-200,True,True,True,757,298085,0xa03837a25210ee280c2113ff4b77ca23440b19d4866cca721c801278fd08d807,0x14d1565e4ab56f22d4f1ea0ef735a6057623e3287b37b333b459d4d319835e8f,0x0000000000000000000000000000000000000000000000000000000000000000
scaling_dispatch_N,middle_selector,cold,solar-gas-200,True,True,True,676,186918,0x8d1108e10bcb7c27dddfc02ed9d693a074039d026cf4ea4240b40f7d581ac802,0x14d1565e4ab56f22d4f1ea0ef735a6057623e3287b37b333b459d4d319835e8f,0x0000000000000000000000000000000000000000000000000000000000000000
scaling_dispatch_N,middle_selector,cold,solar-size-1,True,True,True,608,161085,0x8d1108e10bcb7c27dddfc02ed9d693a074039d026cf4ea4240b40f7d581ac802,0x14d1565e4ab56f22d4f1ea0ef735a6057623e3287b37b333b459d4d319835e8f,0x0000000000000000000000000000000000000000000000000000000000000000
scaling_dispatch_N,middle_selector,cold,solc-0.8.36-legacy-200,True,True,True,742,192733,0x8d1108e10bcb7c27dddfc02ed9d693a074039d026cf4ea4240b40f7d581ac802,0x14d1565e4ab56f22d4f1ea0ef735a6057623e3287b37b333b459d4d319835e8f,0x0000000000000000000000000000000000000000000000000000000000000000
scaling_dispatch_N,middle_selector,cold,solc-0.8.36-viair-200,True,True,True,669,298085,0x8d1108e10bcb7c27dddfc02ed9d693a074039d026cf4ea4240b40f7d581ac802,0x14d1565e4ab56f22d4f1ea0ef735a6057623e3287b37b333b459d4d319835e8f,0x0000000000000000000000000000000000000000000000000000000000000000
scaling_dispatch_N,set_sink,warm,solar-gas-200,True,True,True,20685,186918,0xd86d8a3f7c82c89ed8e04140017aa108a0a1469249f92c8f022b9dbafa87b883,0xff39506509de8bd97f85280d70345626bbfedd618ecd7f7a4cea143171bab6bc,0x0000000000000000000000000000000000000000000000000000000000000000
scaling_dispatch_N,set_sink,warm,solar-size-1,True,True,True,20793,161085,0xd86d8a3f7c82c89ed8e04140017aa108a0a1469249f92c8f022b9dbafa87b883,0xff39506509de8bd97f85280d70345626bbfedd618ecd7f7a4cea143171bab6bc,0x0000000000000000000000000000000000000000000000000000000000000000
scaling_dispatch_N,set_sink,warm,solc-0.8.36-legacy-200,True,True,True,20803,192733,0xd86d8a3f7c82c89ed8e04140017aa108a0a1469249f92c8f022b9dbafa87b883,0xff39506509de8bd97f85280d70345626bbfedd618ecd7f7a4cea143171bab6bc,0x0000000000000000000000000000000000000000000000000000000000000000
scaling_dispatch_N,set_sink,warm,solc-0.8.36-viair-200,True,True,True,20836,298085,0xd86d8a3f7c82c89ed8e04140017aa108a0a1469249f92c8f022b9dbafa87b883,0xff39506509de8bd97f85280d70345626bbfedd618ecd7f7a4cea143171bab6bc,0x0000000000000000000000000000000000000000000000000000000000000000
uniswap_v2_factory,create_pair,cold,solar-gas-200,True,True,True,281552,683327,0xe16da2fd2780df39c0537a3f2a6f5e62d40855e77e26afa1a1bfb71f30805040,0x9f9940ef3cdee40e8b1da848896b6ead80fdcdc879b7da34fe3d379303eecffa,0x0000000000000000000000000000000000000000000000000000000000000000
uniswap_v2_factory,create_pair,cold,solar-size-1,True,True,True,282806,677305,0xe16da2fd2780df39c0537a3f2a6f5e62d40855e77e26afa1a1bfb71f30805040,0x9f9940ef3cdee40e8b1da848896b6ead80fdcdc879b7da34fe3d379303eecffa,0x0000000000000000000000000000000000000000000000000000000000000000
uniswap_v2_factory,create_pair,cold,solc-0.8.36-legacy-200,True,True,True,281783,763578,0xe16da2fd2780df39c0537a3f2a6f5e62d40855e77e26afa1a1bfb71f30805040,0x9f9940ef3cdee40e8b1da848896b6ead80fdcdc879b7da34fe3d379303eecffa,0x0000000000000000000000000000000000000000000000000000000000000000
uniswap_v2_factory,create_pair,cold,solc-0.8.36-viair-200,True,True,True,282780,817625,0xe16da2fd2780df39c0537a3f2a6f5e62d40855e77e26afa1a1bfb71f30805040,0x9f9940ef3cdee40e8b1da848896b6ead80fdcdc879b7da34fe3d379303eecffa,0x0000000000000000000000000000000000000000000000000000000000000000
uniswap_v2_factory,create_pair_reverse_order,cold,solar-gas-200,True,True,True,281580,683327,0xe16da2fd2780df39c0537a3f2a6f5e62d40855e77e26afa1a1bfb71f30805040,0x9f9940ef3cdee40e8b1da848896b6ead80fdcdc879b7da34fe3d379303eecffa,0x0000000000000000000000000000000000000000000000000000000000000000
uniswap_v2_factory,create_pair_reverse_order,cold,solar-size-1,True,True,True,282834,677305,0xe16da2fd2780df39c0537a3f2a6f5e62d40855e77e26afa1a1bfb71f30805040,0x9f9940ef3cdee40e8b1da848896b6ead80fdcdc879b7da34fe3d379303eecffa,0x0000000000000000000000000000000000000000000000000000000000000000
uniswap_v2_factory,create_pair_reverse_order,cold,solc-0.8.36-legacy-200,True,True,True,281793,763578,0xe16da2fd2780df39c0537a3f2a6f5e62d40855e77e26afa1a1bfb71f30805040,0x9f9940ef3cdee40e8b1da848896b6ead80fdcdc879b7da34fe3d379303eecffa,0x0000000000000000000000000000000000000000000000000000000000000000
uniswap_v2_factory,create_pair_reverse_order,cold,solc-0.8.36-viair-200,True,True,True,282789,817625,0xe16da2fd2780df39c0537a3f2a6f5e62d40855e77e26afa1a1bfb71f30805040,0x9f9940ef3cdee40e8b1da848896b6ead80fdcdc879b7da34fe3d379303eecffa,0x0000000000000000000000000000000000000000000000000000000000000000
uniswap_v2_factory,fee_to_getter,cold,solar-gas-200,True,True,True,2681,683327,0x290decd9548b62a8d60345a988386fc84ba6bc95484008f6362f93160ef3e563,0x6f54f23ec9a76010e92d36e7613f2e04069e234734a48a92ec76b381d58912d4,0x0000000000000000000000000000000000000000000000000000000000000000
uniswap_v2_factory,fee_to_getter,cold,solar-size-1,True,True,True,2646,677305,0x290decd9548b62a8d60345a988386fc84ba6bc95484008f6362f93160ef3e563,0x6f54f23ec9a76010e92d36e7613f2e04069e234734a48a92ec76b381d58912d4,0x0000000000000000000000000000000000000000000000000000000000000000
uniswap_v2_factory,fee_to_getter,cold,solc-0.8.36-legacy-200,True,True,True,2777,763578,0x290decd9548b62a8d60345a988386fc84ba6bc95484008f6362f93160ef3e563,0x6f54f23ec9a76010e92d36e7613f2e04069e234734a48a92ec76b381d58912d4,0x0000000000000000000000000000000000000000000000000000000000000000
uniswap_v2_factory,fee_to_getter,cold,solc-0.8.36-viair-200,True,True,True,2717,817625,0x290decd9548b62a8d60345a988386fc84ba6bc95484008f6362f93160ef3e563,0x6f54f23ec9a76010e92d36e7613f2e04069e234734a48a92ec76b381d58912d4,0x0000000000000000000000000000000000000000000000000000000000000000
uniswap_v2_factory,set_fee_to,warm,solar-gas-200,True,True,True,22691,683327,0xc5d2460186f7233c927e7db2dcc703c0e500b653ca82273b7bfad8045d85a470,0xd35806294279465a36d04ccdb65cbf6ad507841af9bc98f31c2e9be71166a68c,0x0000000000000000000000000000000000000000000000000000000000000000
uniswap_v2_factory,set_fee_to,warm,solar-size-1,True,True,True,22788,677305,0xc5d2460186f7233c927e7db2dcc703c0e500b653ca82273b7bfad8045d85a470,0xd35806294279465a36d04ccdb65cbf6ad507841af9bc98f31c2e9be71166a68c,0x0000000000000000000000000000000000000000000000000000000000000000
uniswap_v2_factory,set_fee_to,warm,solc-0.8.36-legacy-200,True,True,True,22916,763578,0xc5d2460186f7233c927e7db2dcc703c0e500b653ca82273b7bfad8045d85a470,0xd35806294279465a36d04ccdb65cbf6ad507841af9bc98f31c2e9be71166a68c,0x0000000000000000000000000000000000000000000000000000000000000000
uniswap_v2_factory,set_fee_to,warm,solc-0.8.36-viair-200,True,True,True,22934,817625,0xc5d2460186f7233c927e7db2dcc703c0e500b653ca82273b7bfad8045d85a470,0xd35806294279465a36d04ccdb65cbf6ad507841af9bc98f31c2e9be71166a68c,0x0000000000000000000000000000000000000000000000000000000000000000
uniswap_v2_factory,set_fee_to_setter,warm,solar-gas-200,True,True,True,689,683327,0xc5d2460186f7233c927e7db2dcc703c0e500b653ca82273b7bfad8045d85a470,0x5e18e73e14d88b5656a7cad06f87aec5447245f59224667305873a150b7d873c,0x0000000000000000000000000000000000000000000000000000000000000000
uniswap_v2_factory,set_fee_to_setter,warm,solar-size-1,True,True,True,742,677305,0xc5d2460186f7233c927e7db2dcc703c0e500b653ca82273b7bfad8045d85a470,0x5e18e73e14d88b5656a7cad06f87aec5447245f59224667305873a150b7d873c,0x0000000000000000000000000000000000000000000000000000000000000000
uniswap_v2_factory,set_fee_to_setter,warm,solc-0.8.36-legacy-200,True,True,True,951,763578,0xc5d2460186f7233c927e7db2dcc703c0e500b653ca82273b7bfad8045d85a470,0x5e18e73e14d88b5656a7cad06f87aec5447245f59224667305873a150b7d873c,0x0000000000000000000000000000000000000000000000000000000000000000
uniswap_v2_factory,set_fee_to_setter,warm,solc-0.8.36-viair-200,True,True,True,863,817625,0xc5d2460186f7233c927e7db2dcc703c0e500b653ca82273b7bfad8045d85a470,0x5e18e73e14d88b5656a7cad06f87aec5447245f59224667305873a150b7d873c,0x0000000000000000000000000000000000000000000000000000000000000000
uniswap_v2_pair,burn,mixed,solar-gas-200,True,True,True,85619,1564464,0xbb92c7fef2972f18ae848d54ed61e304c31499dbbbfec4652e32c84f1ee2439b,0x1851c7c57683323e21e811816313323e6007e27790aba00cef4b93d3445d9f56,0xc4180b41faa7bfbeac113c2d8e1c8b9acb1fa7bcc31f579637779c6032b14e4e
uniswap_v2_pair,burn,mixed,solar-size-1,True,True,True,86408,1558455,0xbb92c7fef2972f18ae848d54ed61e304c31499dbbbfec4652e32c84f1ee2439b,0x1851c7c57683323e21e811816313323e6007e27790aba00cef4b93d3445d9f56,0xc4180b41faa7bfbeac113c2d8e1c8b9acb1fa7bcc31f579637779c6032b14e4e
uniswap_v2_pair,burn,mixed,solc-0.8.36-legacy-200,True,True,True,86578,1749620,0xbb92c7fef2972f18ae848d54ed61e304c31499dbbbfec4652e32c84f1ee2439b,0x1851c7c57683323e21e811816313323e6007e27790aba00cef4b93d3445d9f56,0xc4180b41faa7bfbeac113c2d8e1c8b9acb1fa7bcc31f579637779c6032b14e4e
uniswap_v2_pair,burn,mixed,solc-0.8.36-viair-200,True,True,True,86454,1627400,0xbb92c7fef2972f18ae848d54ed61e304c31499dbbbfec4652e32c84f1ee2439b,0x1851c7c57683323e21e811816313323e6007e27790aba00cef4b93d3445d9f56,0xc4180b41faa7bfbeac113c2d8e1c8b9acb1fa7bcc31f579637779c6032b14e4e
uniswap_v2_pair,factory_create2_mint_initial,mixed,solar-gas-200,True,True,True,128681,1747951,0xed83150f48a75d7465ecb08d500a7df1dc8cd9d20f530cbd9a73eacec21a28c7,0x2a844e7f7a8c96a3048718004f0cb7c70f8cb512b3f45fbcf3596ab07b81c14d,0x6cc16ddf28533149a5cac27fa5dc0e43a47f5671d87e0844b3f24b21830e8128
uniswap_v2_pair,factory_create2_mint_initial,mixed,solar-size-1,True,True,True,129310,1741900,0xed83150f48a75d7465ecb08d500a7df1dc8cd9d20f530cbd9a73eacec21a28c7,0x2a844e7f7a8c96a3048718004f0cb7c70f8cb512b3f45fbcf3596ab07b81c14d,0x6cc16ddf28533149a5cac27fa5dc0e43a47f5671d87e0844b3f24b21830e8128
uniswap_v2_pair,factory_create2_mint_initial,mixed,solc-0.8.36-legacy-200,True,True,True,131920,1939188,0xed83150f48a75d7465ecb08d500a7df1dc8cd9d20f530cbd9a73eacec21a28c7,0x2a844e7f7a8c96a3048718004f0cb7c70f8cb512b3f45fbcf3596ab07b81c14d,0x6cc16ddf28533149a5cac27fa5dc0e43a47f5671d87e0844b3f24b21830e8128
uniswap_v2_pair,factory_create2_mint_initial,mixed,solc-0.8.36-viair-200,True,True,True,129374,1813590,0xed83150f48a75d7465ecb08d500a7df1dc8cd9d20f530cbd9a73eacec21a28c7,0x2a844e7f7a8c96a3048718004f0cb7c70f8cb512b3f45fbcf3596ab07b81c14d,0x6cc16ddf28533149a5cac27fa5dc0e43a47f5671d87e0844b3f24b21830e8128
uniswap_v2_pair,factory_getter,warm,solar-gas-200,True,True,True,810,1564464,0x6bc85c0902a8a63ff898f02fc68a9e71da7dcf6bc777cac2da7dc92f0b573fe2,0x21e4847f2658f15187b40e33a1244ac9186f3bb2777f984ee8d1f1bc225769bd,0x0000000000000000000000000000000000000000000000000000000000000000
uniswap_v2_pair,factory_getter,warm,solar-size-1,True,True,True,1183,1558455,0x6bc85c0902a8a63ff898f02fc68a9e71da7dcf6bc777cac2da7dc92f0b573fe2,0x21e4847f2658f15187b40e33a1244ac9186f3bb2777f984ee8d1f1bc225769bd,0x0000000000000000000000000000000000000000000000000000000000000000
uniswap_v2_pair,factory_getter,warm,solc-0.8.36-legacy-200,True,True,True,897,1749620,0x6bc85c0902a8a63ff898f02fc68a9e71da7dcf6bc777cac2da7dc92f0b573fe2,0x21e4847f2658f15187b40e33a1244ac9186f3bb2777f984ee8d1f1bc225769bd,0x0000000000000000000000000000000000000000000000000000000000000000
uniswap_v2_pair,factory_getter,warm,solc-0.8.36-viair-200,True,True,True,1233,1627400,0x6bc85c0902a8a63ff898f02fc68a9e71da7dcf6bc777cac2da7dc92f0b573fe2,0x21e4847f2658f15187b40e33a1244ac9186f3bb2777f984ee8d1f1bc225769bd,0x0000000000000000000000000000000000000000000000000000000000000000
uniswap_v2_pair,fee_off_resets_k_last,mixed,solar-gas-200,True,True,True,31618,1564464,0x4aea705195ae588d186e9fb2c4576cc7b941dbcd37e01277616003d883125bb7,0xeea769256b63ae60af3eea79eddbc45bff46247322ed3cf247f37ea03d00f95c,0x312b6349d91a2c2de51cf6f2437a071d92f8d80a3e6bd5a3e5b4f32a35405c38
uniswap_v2_pair,fee_off_resets_k_last,mixed,solar-size-1,True,True,True,32276,1558455,0x4aea705195ae588d186e9fb2c4576cc7b941dbcd37e01277616003d883125bb7,0xeea769256b63ae60af3eea79eddbc45bff46247322ed3cf247f37ea03d00f95c,0x312b6349d91a2c2de51cf6f2437a071d92f8d80a3e6bd5a3e5b4f32a35405c38
uniswap_v2_pair,fee_off_resets_k_last,mixed,solc-0.8.36-legacy-200,True,True,True,31931,1749620,0x4aea705195ae588d186e9fb2c4576cc7b941dbcd37e01277616003d883125bb7,0xeea769256b63ae60af3eea79eddbc45bff46247322ed3cf247f37ea03d00f95c,0x312b6349d91a2c2de51cf6f2437a071d92f8d80a3e6bd5a3e5b4f32a35405c38
uniswap_v2_pair,fee_off_resets_k_last,mixed,solc-0.8.36-viair-200,True,True,True,31512,1627400,0x4aea705195ae588d186e9fb2c4576cc7b941dbcd37e01277616003d883125bb7,0xeea769256b63ae60af3eea79eddbc45bff46247322ed3cf247f37ea03d00f95c,0x312b6349d91a2c2de51cf6f2437a071d92f8d80a3e6bd5a3e5b4f32a35405c38
uniswap_v2_pair,fee_on_mint,mixed,solar-gas-200,True,True,True,63221,1564464,0x44278ffea9f1e1d77160e69ac68d3549165298935758aa4d23196a8638573ce2,0xac98379764bcddfdc77d9a7b454a52dd6e441c9b28b154a595e6e0679301499d,0x8777280d1cdb9e2fc91ae5bf4cb991cc581e83154bce62d0af1639a978de2dc9
uniswap_v2_pair,fee_on_mint,mixed,solar-size-1,True,True,True,64010,1558455,0x44278ffea9f1e1d77160e69ac68d3549165298935758aa4d23196a8638573ce2,0xac98379764bcddfdc77d9a7b454a52dd6e441c9b28b154a595e6e0679301499d,0x8777280d1cdb9e2fc91ae5bf4cb991cc581e83154bce62d0af1639a978de2dc9
uniswap_v2_pair,fee_on_mint,mixed,solc-0.8.36-legacy-200,True,True,True,69504,1749620,0x44278ffea9f1e1d77160e69ac68d3549165298935758aa4d23196a8638573ce2,0xac98379764bcddfdc77d9a7b454a52dd6e441c9b28b154a595e6e0679301499d,0x8777280d1cdb9e2fc91ae5bf4cb991cc581e83154bce62d0af1639a978de2dc9
uniswap_v2_pair,fee_on_mint,mixed,solc-0.8.36-viair-200,True,True,True,64981,1627400,0x44278ffea9f1e1d77160e69ac68d3549165298935758aa4d23196a8638573ce2,0xac98379764bcddfdc77d9a7b454a52dd6e441c9b28b154a595e6e0679301499d,0x8777280d1cdb9e2fc91ae5bf4cb991cc581e83154bce62d0af1639a978de2dc9
uniswap_v2_pair,flash_swap_callback,mixed,solar-gas-200,True,True,True,105992,1564464,0xc5d2460186f7233c927e7db2dcc703c0e500b653ca82273b7bfad8045d85a470,0x65cd9f0d68e1486cedd7b546a4d3830f8b3083aa5daf177f6d9faa99160bb401,0x6c4c763c83b096369dd46503ded172a740d1d721e3b9b8e0de9a0d994332a36a
uniswap_v2_pair,flash_swap_callback,mixed,solar-size-1,True,True,True,106367,1558455,0xc5d2460186f7233c927e7db2dcc703c0e500b653ca82273b7bfad8045d85a470,0x65cd9f0d68e1486cedd7b546a4d3830f8b3083aa5daf177f6d9faa99160bb401,0x6c4c763c83b096369dd46503ded172a740d1d721e3b9b8e0de9a0d994332a36a
uniswap_v2_pair,flash_swap_callback,mixed,solc-0.8.36-legacy-200,True,True,True,106537,1749620,0xc5d2460186f7233c927e7db2dcc703c0e500b653ca82273b7bfad8045d85a470,0x65cd9f0d68e1486cedd7b546a4d3830f8b3083aa5daf177f6d9faa99160bb401,0x6c4c763c83b096369dd46503ded172a740d1d721e3b9b8e0de9a0d994332a36a
uniswap_v2_pair,flash_swap_callback,mixed,solc-0.8.36-viair-200,True,True,True,105320,1627400,0xc5d2460186f7233c927e7db2dcc703c0e500b653ca82273b7bfad8045d85a470,0x65cd9f0d68e1486cedd7b546a4d3830f8b3083aa5daf177f6d9faa99160bb401,0x6c4c763c83b096369dd46503ded172a740d1d721e3b9b8e0de9a0d994332a36a
uniswap_v2_pair,flash_swap_reentrancy_reverts,mixed,solar-gas-200,False,False,True,8699,1564464,0x15f8925c5833d88ce0549ed1512f36345241144f8b6634bd410f8431599b94b4,0x58d8b4b68140835d3a77731f3f408cfdc342873b1076447bda79e437e67d64db,0x0000000000000000000000000000000000000000000000000000000000000000
uniswap_v2_pair,flash_swap_reentrancy_reverts,mixed,solar-size-1,False,False,True,9346,1558455,0x15f8925c5833d88ce0549ed1512f36345241144f8b6634bd410f8431599b94b4,0x58d8b4b68140835d3a77731f3f408cfdc342873b1076447bda79e437e67d64db,0x0000000000000000000000000000000000000000000000000000000000000000
uniswap_v2_pair,flash_swap_reentrancy_reverts,mixed,solc-0.8.36-legacy-200,False,False,True,8639,1749620,0x15f8925c5833d88ce0549ed1512f36345241144f8b6634bd410f8431599b94b4,0x58d8b4b68140835d3a77731f3f408cfdc342873b1076447bda79e437e67d64db,0x0000000000000000000000000000000000000000000000000000000000000000
uniswap_v2_pair,flash_swap_reentrancy_reverts,mixed,solc-0.8.36-viair-200,False,False,True,8798,1627400,0x15f8925c5833d88ce0549ed1512f36345241144f8b6634bd410f8431599b94b4,0x58d8b4b68140835d3a77731f3f408cfdc342873b1076447bda79e437e67d64db,0x0000000000000000000000000000000000000000000000000000000000000000
uniswap_v2_pair,initialize,cold,solar-gas-200,True,True,True,44917,1564464,0xc5d2460186f7233c927e7db2dcc703c0e500b653ca82273b7bfad8045d85a470,0x6370b83f46cd4a63af23bccd1a3a0c1d2575db9af1db83f8115d75e0f88db2aa,0x0000000000000000000000000000000000000000000000000000000000000000
uniswap_v2_pair,initialize,cold,solar-size-1,True,True,True,45064,1558455,0xc5d2460186f7233c927e7db2dcc703c0e500b653ca82273b7bfad8045d85a470,0x6370b83f46cd4a63af23bccd1a3a0c1d2575db9af1db83f8115d75e0f88db2aa,0x0000000000000000000000000000000000000000000000000000000000000000
uniswap_v2_pair,initialize,cold,solc-0.8.36-legacy-200,True,True,True,45139,1749620,0xc5d2460186f7233c927e7db2dcc703c0e500b653ca82273b7bfad8045d85a470,0x6370b83f46cd4a63af23bccd1a3a0c1d2575db9af1db83f8115d75e0f88db2aa,0x0000000000000000000000000000000000000000000000000000000000000000
uniswap_v2_pair,initialize,cold,solc-0.8.36-viair-200,True,True,True,45163,1627400,0xc5d2460186f7233c927e7db2dcc703c0e500b653ca82273b7bfad8045d85a470,0x6370b83f46cd4a63af23bccd1a3a0c1d2575db9af1db83f8115d75e0f88db2aa,0x0000000000000000000000000000000000000000000000000000000000000000
uniswap_v2_pair,lp_approve,mixed,solar-gas-200,True,True,True,24847,1564464,0xb10e2d527612073b26eecdfd717e6a320cf44b4afac2b0732d9fcbe2b7fa0cf6,0x2e0823a399efc6b1c4bdafda3364043a55889914ef728f3205452645d4e76373,0x9a9e8bd43476f57b1d3b07bee86839eba91c58e07d2fc085c782f51fd0de182b
uniswap_v2_pair,lp_approve,mixed,solar-size-1,True,True,True,25001,1558455,0xb10e2d527612073b26eecdfd717e6a320cf44b4afac2b0732d9fcbe2b7fa0cf6,0x2e0823a399efc6b1c4bdafda3364043a55889914ef728f3205452645d4e76373,0x9a9e8bd43476f57b1d3b07bee86839eba91c58e07d2fc085c782f51fd0de182b
uniswap_v2_pair,lp_approve,mixed,solc-0.8.36-legacy-200,True,True,True,25079,1749620,0xb10e2d527612073b26eecdfd717e6a320cf44b4afac2b0732d9fcbe2b7fa0cf6,0x2e0823a399efc6b1c4bdafda3364043a55889914ef728f3205452645d4e76373,0x9a9e8bd43476f57b1d3b07bee86839eba91c58e07d2fc085c782f51fd0de182b
uniswap_v2_pair,lp_approve,mixed,solc-0.8.36-viair-200,True,True,True,24870,1627400,0xb10e2d527612073b26eecdfd717e6a320cf44b4afac2b0732d9fcbe2b7fa0cf6,0x2e0823a399efc6b1c4bdafda3364043a55889914ef728f3205452645d4e76373,0x9a9e8bd43476f57b1d3b07bee86839eba91c58e07d2fc085c782f51fd0de182b
uniswap_v2_pair,lp_transfer,mixed,solar-gas-200,True,True,True,25183,1564464,0xb10e2d527612073b26eecdfd717e6a320cf44b4afac2b0732d9fcbe2b7fa0cf6,0xa04ae28d152d452d66b6bed035da7d070f95175972bc657a4b3a8ec29bbca9b6,0xe6658963d7e3f610128502bae33b90a10a74d22f0e3fdb35ae630357fa941137
uniswap_v2_pair,lp_transfer,mixed,solar-size-1,True,True,True,25680,1558455,0xb10e2d527612073b26eecdfd717e6a320cf44b4afac2b0732d9fcbe2b7fa0cf6,0xa04ae28d152d452d66b6bed035da7d070f95175972bc657a4b3a8ec29bbca9b6,0xe6658963d7e3f610128502bae33b90a10a74d22f0e3fdb35ae630357fa941137
uniswap_v2_pair,lp_transfer,mixed,solc-0.8.36-legacy-200,True,True,True,25566,1749620,0xb10e2d527612073b26eecdfd717e6a320cf44b4afac2b0732d9fcbe2b7fa0cf6,0xa04ae28d152d452d66b6bed035da7d070f95175972bc657a4b3a8ec29bbca9b6,0xe6658963d7e3f610128502bae33b90a10a74d22f0e3fdb35ae630357fa941137
uniswap_v2_pair,lp_transfer,mixed,solc-0.8.36-viair-200,True,True,True,25616,1627400,0xb10e2d527612073b26eecdfd717e6a320cf44b4afac2b0732d9fcbe2b7fa0cf6,0xa04ae28d152d452d66b6bed035da7d070f95175972bc657a4b3a8ec29bbca9b6,0xe6658963d7e3f610128502bae33b90a10a74d22f0e3fdb35ae630357fa941137
uniswap_v2_pair,lp_transfer_from_finite_allowance,mixed,solar-gas-200,True,True,True,26264,1564464,0xb10e2d527612073b26eecdfd717e6a320cf44b4afac2b0732d9fcbe2b7fa0cf6,0xf464fecc3b34b0655b72cf9d15ab75118528acca55b75511ca998e5b5c10d5d2,0x80dfb27a95b623a4a597bd0bc02a3f297996e294070e14e415691fc07c9b3cc8
uniswap_v2_pair,lp_transfer_from_finite_allowance,mixed,solar-size-1,True,True,True,26604,1558455,0xb10e2d527612073b26eecdfd717e6a320cf44b4afac2b0732d9fcbe2b7fa0cf6,0xf464fecc3b34b0655b72cf9d15ab75118528acca55b75511ca998e5b5c10d5d2,0x80dfb27a95b623a4a597bd0bc02a3f297996e294070e14e415691fc07c9b3cc8
uniswap_v2_pair,lp_transfer_from_finite_allowance,mixed,solc-0.8.36-legacy-200,True,True,True,26766,1749620,0xb10e2d527612073b26eecdfd717e6a320cf44b4afac2b0732d9fcbe2b7fa0cf6,0xf464fecc3b34b0655b72cf9d15ab75118528acca55b75511ca998e5b5c10d5d2,0x80dfb27a95b623a4a597bd0bc02a3f297996e294070e14e415691fc07c9b3cc8
uniswap_v2_pair,lp_transfer_from_finite_allowance,mixed,solc-0.8.36-viair-200,True,True,True,26617,1627400,0xb10e2d527612073b26eecdfd717e6a320cf44b4afac2b0732d9fcbe2b7fa0cf6,0xf464fecc3b34b0655b72cf9d15ab75118528acca55b75511ca998e5b5c10d5d2,0x80dfb27a95b623a4a597bd0bc02a3f297996e294070e14e415691fc07c9b3cc8
uniswap_v2_pair,lp_transfer_from_infinite_allowance,mixed,solar-gas-200,True,True,True,26055,1564464,0xb10e2d527612073b26eecdfd717e6a320cf44b4afac2b0732d9fcbe2b7fa0cf6,0xb028c36be6241f00577620ba52ae9ad484172baf42c75eef2dc63eaf3a1aaa9e,0x80dfb27a95b623a4a597bd0bc02a3f297996e294070e14e415691fc07c9b3cc8
uniswap_v2_pair,lp_transfer_from_infinite_allowance,mixed,solar-size-1,True,True,True,26334,1558455,0xb10e2d527612073b26eecdfd717e6a320cf44b4afac2b0732d9fcbe2b7fa0cf6,0xb028c36be6241f00577620ba52ae9ad484172baf42c75eef2dc63eaf3a1aaa9e,0x80dfb27a95b623a4a597bd0bc02a3f297996e294070e14e415691fc07c9b3cc8
uniswap_v2_pair,lp_transfer_from_infinite_allowance,mixed,solc-0.8.36-legacy-200,True,True,True,26468,1749620,0xb10e2d527612073b26eecdfd717e6a320cf44b4afac2b0732d9fcbe2b7fa0cf6,0xb028c36be6241f00577620ba52ae9ad484172baf42c75eef2dc63eaf3a1aaa9e,0x80dfb27a95b623a4a597bd0bc02a3f297996e294070e14e415691fc07c9b3cc8
uniswap_v2_pair,lp_transfer_from_infinite_allowance,mixed,solc-0.8.36-viair-200,True,True,True,26292,1627400,0xb10e2d527612073b26eecdfd717e6a320cf44b4afac2b0732d9fcbe2b7fa0cf6,0xb028c36be6241f00577620ba52ae9ad484172baf42c75eef2dc63eaf3a1aaa9e,0x80dfb27a95b623a4a597bd0bc02a3f297996e294070e14e415691fc07c9b3cc8
uniswap_v2_pair,mint_initial,mixed,solar-gas-200,True,True,True,126704,1564464,0xed83150f48a75d7465ecb08d500a7df1dc8cd9d20f530cbd9a73eacec21a28c7,0xa12c8990af48fd093af7868ed303c1414249d0a839f7769389d344a399de6eaf,0xf00386030055afa174cab5e7438669fd1e964de4b4f7cdf49f73cea9e706e444
uniswap_v2_pair,mint_initial,mixed,solar-size-1,True,True,True,127333,1558455,0xed83150f48a75d7465ecb08d500a7df1dc8cd9d20f530cbd9a73eacec21a28c7,0xa12c8990af48fd093af7868ed303c1414249d0a839f7769389d344a399de6eaf,0xf00386030055afa174cab5e7438669fd1e964de4b4f7cdf49f73cea9e706e444
uniswap_v2_pair,mint_initial,mixed,solc-0.8.36-legacy-200,True,True,True,129943,1749620,0xed83150f48a75d7465ecb08d500a7df1dc8cd9d20f530cbd9a73eacec21a28c7,0xa12c8990af48fd093af7868ed303c1414249d0a839f7769389d344a399de6eaf,0xf00386030055afa174cab5e7438669fd1e964de4b4f7cdf49f73cea9e706e444
uniswap_v2_pair,mint_initial,mixed,solc-0.8.36-viair-200,True,True,True,127397,1627400,0xed83150f48a75d7465ecb08d500a7df1dc8cd9d20f530cbd9a73eacec21a28c7,0xa12c8990af48fd093af7868ed303c1414249d0a839f7769389d344a399de6eaf,0xf00386030055afa174cab5e7438669fd1e964de4b4f7cdf49f73cea9e706e444
uniswap_v2_pair,mint_subsequent,mixed,solar-gas-200,True,True,True,76401,1564464,0x838dc89ef76790193b26c56949d3e721efedbce46e2041d64b3694263b5fa2e6,0x73119ff953998a5533640fff82305b23177dd5e50ac6927ef4fa4a5eeebfd829,0x910a95f7920a7cc16ab4865733f0518fde846c55b39232133255d90d373a3948
uniswap_v2_pair,mint_subsequent,mixed,solar-size-1,True,True,True,77034,1558455,0x838dc89ef76790193b26c56949d3e721efedbce46e2041d64b3694263b5fa2e6,0x73119ff953998a5533640fff82305b23177dd5e50ac6927ef4fa4a5eeebfd829,0x910a95f7920a7cc16ab4865733f0518fde846c55b39232133255d90d373a3948
uniswap_v2_pair,mint_subsequent,mixed,solc-0.8.36-legacy-200,True,True,True,77016,1749620,0x838dc89ef76790193b26c56949d3e721efedbce46e2041d64b3694263b5fa2e6,0x73119ff953998a5533640fff82305b23177dd5e50ac6927ef4fa4a5eeebfd829,0x910a95f7920a7cc16ab4865733f0518fde846c55b39232133255d90d373a3948
uniswap_v2_pair,mint_subsequent,mixed,solc-0.8.36-viair-200,True,True,True,76189,1627400,0x838dc89ef76790193b26c56949d3e721efedbce46e2041d64b3694263b5fa2e6,0x73119ff953998a5533640fff82305b23177dd5e50ac6927ef4fa4a5eeebfd829,0x910a95f7920a7cc16ab4865733f0518fde846c55b39232133255d90d373a3948
uniswap_v2_pair,permit_valid,mixed,solar-gas-200,True,True,True,48874,1564464,0xc5d2460186f7233c927e7db2dcc703c0e500b653ca82273b7bfad8045d85a470,0x32fda1835458cf4ef3836fa70bdbc635759188946407d14153bcc294155a6bd5,0xff8937713425a2e270a5a6d728380433739584def379978e5bbda7810ed23280
uniswap_v2_pair,permit_valid,mixed,solar-size-1,True,True,True,49554,1558455,0xc5d2460186f7233c927e7db2dcc703c0e500b653ca82273b7bfad8045d85a470,0x32fda1835458cf4ef3836fa70bdbc635759188946407d14153bcc294155a6bd5,0xff8937713425a2e270a5a6d728380433739584def379978e5bbda7810ed23280
uniswap_v2_pair,permit_valid,mixed,solc-0.8.36-legacy-200,True,True,True,49393,1749620,0xc5d2460186f7233c927e7db2dcc703c0e500b653ca82273b7bfad8045d85a470,0x32fda1835458cf4ef3836fa70bdbc635759188946407d14153bcc294155a6bd5,0xff8937713425a2e270a5a6d728380433739584def379978e5bbda7810ed23280
uniswap_v2_pair,permit_valid,mixed,solc-0.8.36-viair-200,True,True,True,49499,1627400,0xc5d2460186f7233c927e7db2dcc703c0e500b653ca82273b7bfad8045d85a470,0x32fda1835458cf4ef3836fa70bdbc635759188946407d14153bcc294155a6bd5,0xff8937713425a2e270a5a6d728380433739584def379978e5bbda7810ed23280
uniswap_v2_pair,skim,mixed,solar-gas-200,True,True,True,75031,1564464,0xc5d2460186f7233c927e7db2dcc703c0e500b653ca82273b7bfad8045d85a470,0x58d8b4b68140835d3a77731f3f408cfdc342873b1076447bda79e437e67d64db,0x94a545a814ac9c20389ee4da10d4489ba5b35220ba50cb89e6b7059cb84601a1
uniswap_v2_pair,skim,mixed,solar-size-1,True,True,True,75645,1558455,0xc5d2460186f7233c927e7db2dcc703c0e500b653ca82273b7bfad8045d85a470,0x58d8b4b68140835d3a77731f3f408cfdc342873b1076447bda79e437e67d64db,0x94a545a814ac9c20389ee4da10d4489ba5b35220ba50cb89e6b7059cb84601a1
uniswap_v2_pair,skim,mixed,solc-0.8.36-legacy-200,True,True,True,75977,1749620,0xc5d2460186f7233c927e7db2dcc703c0e500b653ca82273b7bfad8045d85a470,0x58d8b4b68140835d3a77731f3f408cfdc342873b1076447bda79e437e67d64db,0x94a545a814ac9c20389ee4da10d4489ba5b35220ba50cb89e6b7059cb84601a1
uniswap_v2_pair,skim,mixed,solc-0.8.36-viair-200,True,True,True,76407,1627400,0xc5d2460186f7233c927e7db2dcc703c0e500b653ca82273b7bfad8045d85a470,0x58d8b4b68140835d3a77731f3f408cfdc342873b1076447bda79e437e67d64db,0x94a545a814ac9c20389ee4da10d4489ba5b35220ba50cb89e6b7059cb84601a1
uniswap_v2_pair,swap_dual_output,mixed,solar-gas-200,True,True,True,126692,1564464,0xc5d2460186f7233c927e7db2dcc703c0e500b653ca82273b7bfad8045d85a470,0x1048454b54261a5fb35d5c599f2ef533d1993f103b8c6b589b4a58a615d2f64f,0xca380752e044c806d7b95027d1a7d479ea25467e932a7d7c0b4e24e6bfc2a85d
uniswap_v2_pair,swap_dual_output,mixed,solar-size-1,True,True,True,127085,1558455,0xc5d2460186f7233c927e7db2dcc703c0e500b653ca82273b7bfad8045d85a470,0x1048454b54261a5fb35d5c599f2ef533d1993f103b8c6b589b4a58a615d2f64f,0xca380752e044c806d7b95027d1a7d479ea25467e932a7d7c0b4e24e6bfc2a85d
uniswap_v2_pair,swap_dual_output,mixed,solc-0.8.36-legacy-200,True,True,True,127599,1749620,0xc5d2460186f7233c927e7db2dcc703c0e500b653ca82273b7bfad8045d85a470,0x1048454b54261a5fb35d5c599f2ef533d1993f103b8c6b589b4a58a615d2f64f,0xca380752e044c806d7b95027d1a7d479ea25467e932a7d7c0b4e24e6bfc2a85d
uniswap_v2_pair,swap_dual_output,mixed,solc-0.8.36-viair-200,True,True,True,126400,1627400,0xc5d2460186f7233c927e7db2dcc703c0e500b653ca82273b7bfad8045d85a470,0x1048454b54261a5fb35d5c599f2ef533d1993f103b8c6b589b4a58a615d2f64f,0xca380752e044c806d7b95027d1a7d479ea25467e932a7d7c0b4e24e6bfc2a85d
uniswap_v2_pair,swap_fee_invariant,mixed,solar-gas-200,True,True,True,100737,1564464,0xc5d2460186f7233c927e7db2dcc703c0e500b653ca82273b7bfad8045d85a470,0x1048454b54261a5fb35d5c599f2ef533d1993f103b8c6b589b4a58a615d2f64f,0xfafcd014d96124d97b0b47912a08c64df10d6a3f8f7fda6c09ba331cdf840292
uniswap_v2_pair,swap_fee_invariant,mixed,solar-size-1,True,True,True,101109,1558455,0xc5d2460186f7233c927e7db2dcc703c0e500b653ca82273b7bfad8045d85a470,0x1048454b54261a5fb35d5c599f2ef533d1993f103b8c6b589b4a58a615d2f64f,0xfafcd014d96124d97b0b47912a08c64df10d6a3f8f7fda6c09ba331cdf840292
uniswap_v2_pair,swap_fee_invariant,mixed,solc-0.8.36-legacy-200,True,True,True,101348,1749620,0xc5d2460186f7233c927e7db2dcc703c0e500b653ca82273b7bfad8045d85a470,0x1048454b54261a5fb35d5c599f2ef533d1993f103b8c6b589b4a58a615d2f64f,0xfafcd014d96124d97b0b47912a08c64df10d6a3f8f7fda6c09ba331cdf840292
uniswap_v2_pair,swap_fee_invariant,mixed,solc-0.8.36-viair-200,True,True,True,100095,1627400,0xc5d2460186f7233c927e7db2dcc703c0e500b653ca82273b7bfad8045d85a470,0x1048454b54261a5fb35d5c599f2ef533d1993f103b8c6b589b4a58a615d2f64f,0xfafcd014d96124d97b0b47912a08c64df10d6a3f8f7fda6c09ba331cdf840292
uniswap_v2_pair,swap_no_return_tokens,mixed,solar-gas-200,True,True,True,100033,1564464,0xc5d2460186f7233c927e7db2dcc703c0e500b653ca82273b7bfad8045d85a470,0x1048454b54261a5fb35d5c599f2ef533d1993f103b8c6b589b4a58a615d2f64f,0x5ea4a31c75700575aa9679ff0016ea3e5ebfc8183130a397de2b4882ec743bb2
uniswap_v2_pair,swap_no_return_tokens,mixed,solar-size-1,True,True,True,100405,1558455,0xc5d2460186f7233c927e7db2dcc703c0e500b653ca82273b7bfad8045d85a470,0x1048454b54261a5fb35d5c599f2ef533d1993f103b8c6b589b4a58a615d2f64f,0x5ea4a31c75700575aa9679ff0016ea3e5ebfc8183130a397de2b4882ec743bb2
uniswap_v2_pair,swap_no_return_tokens,mixed,solc-0.8.36-legacy-200,True,True,True,100545,1749620,0xc5d2460186f7233c927e7db2dcc703c0e500b653ca82273b7bfad8045d85a470,0x1048454b54261a5fb35d5c599f2ef533d1993f103b8c6b589b4a58a615d2f64f,0x5ea4a31c75700575aa9679ff0016ea3e5ebfc8183130a397de2b4882ec743bb2
uniswap_v2_pair,swap_no_return_tokens,mixed,solc-0.8.36-viair-200,True,True,True,99243,1627400,0xc5d2460186f7233c927e7db2dcc703c0e500b653ca82273b7bfad8045d85a470,0x1048454b54261a5fb35d5c599f2ef533d1993f103b8c6b589b4a58a615d2f64f,0x5ea4a31c75700575aa9679ff0016ea3e5ebfc8183130a397de2b4882ec743bb2
uniswap_v2_pair,swap_token0_input,mixed,solar-gas-200,True,True,True,100737,1564464,0xc5d2460186f7233c927e7db2dcc703c0e500b653ca82273b7bfad8045d85a470,0x3b9e555795a7263470417bed8bf39ddcaf4fc935375e4ccbd133b7f40605ffd3,0xb63259291c099245d8aa11f8ecf9ed74606d288184bd34a3baf15b37d4dc97f3
uniswap_v2_pair,swap_token0_input,mixed,solar-size-1,True,True,True,101109,1558455,0xc5d2460186f7233c927e7db2dcc703c0e500b653ca82273b7bfad8045d85a470,0x3b9e555795a7263470417bed8bf39ddcaf4fc935375e4ccbd133b7f40605ffd3,0xb63259291c099245d8aa11f8ecf9ed74606d288184bd34a3baf15b37d4dc97f3
uniswap_v2_pair,swap_token0_input,mixed,solc-0.8.36-legacy-200,True,True,True,101348,1749620,0xc5d2460186f7233c927e7db2dcc703c0e500b653ca82273b7bfad8045d85a470,0x3b9e555795a7263470417bed8bf39ddcaf4fc935375e4ccbd133b7f40605ffd3,0xb63259291c099245d8aa11f8ecf9ed74606d288184bd34a3baf15b37d4dc97f3
uniswap_v2_pair,swap_token0_input,mixed,solc-0.8.36-viair-200,True,True,True,100095,1627400,0xc5d2460186f7233c927e7db2dcc703c0e500b653ca82273b7bfad8045d85a470,0x3b9e555795a7263470417bed8bf39ddcaf4fc935375e4ccbd133b7f40605ffd3,0xb63259291c099245d8aa11f8ecf9ed74606d288184bd34a3baf15b37d4dc97f3
uniswap_v2_pair,swap_token1_input,mixed,solar-gas-200,True,True,True,100708,1564464,0xc5d2460186f7233c927e7db2dcc703c0e500b653ca82273b7bfad8045d85a470,0x2e324931e818f4bcd62dd2811733aa1f49c491e559ccb054c9ac244ed589dba3,0x308c20a882c412482b00c7839f66c8c3b4d9d5c11bc1623b5b5d4d1460a474fd
uniswap_v2_pair,swap_token1_input,mixed,solar-size-1,True,True,True,101099,1558455,0xc5d2460186f7233c927e7db2dcc703c0e500b653ca82273b7bfad8045d85a470,0x2e324931e818f4bcd62dd2811733aa1f49c491e559ccb054c9ac244ed589dba3,0x308c20a882c412482b00c7839f66c8c3b4d9d5c11bc1623b5b5d4d1460a474fd
uniswap_v2_pair,swap_token1_input,mixed,solc-0.8.36-legacy-200,True,True,True,101348,1749620,0xc5d2460186f7233c927e7db2dcc703c0e500b653ca82273b7bfad8045d85a470,0x2e324931e818f4bcd62dd2811733aa1f49c491e559ccb054c9ac244ed589dba3,0x308c20a882c412482b00c7839f66c8c3b4d9d5c11bc1623b5b5d4d1460a474fd
uniswap_v2_pair,swap_token1_input,mixed,solc-0.8.36-viair-200,True,True,True,100093,1627400,0xc5d2460186f7233c927e7db2dcc703c0e500b653ca82273b7bfad8045d85a470,0x2e324931e818f4bcd62dd2811733aa1f49c491e559ccb054c9ac244ed589dba3,0x308c20a882c412482b00c7839f66c8c3b4d9d5c11bc1623b5b5d4d1460a474fd
uniswap_v2_pair,sync,mixed,solar-gas-200,True,True,True,70214,1564464,0xc5d2460186f7233c927e7db2dcc703c0e500b653ca82273b7bfad8045d85a470,0x4d68f0de4406c3fa70d61662ac043db3bc99cd5df84ed305fb29cd46baff93bf,0xde27fc45a94b67bbf738dc147785da41bb47d2436dd41830dca349cf6faa5a50
uniswap_v2_pair,sync,mixed,solar-size-1,True,True,True,70980,1558455,0xc5d2460186f7233c927e7db2dcc703c0e500b653ca82273b7bfad8045d85a470,0x4d68f0de4406c3fa70d61662ac043db3bc99cd5df84ed305fb29cd46baff93bf,0xde27fc45a94b67bbf738dc147785da41bb47d2436dd41830dca349cf6faa5a50
uniswap_v2_pair,sync,mixed,solc-0.8.36-legacy-200,True,True,True,70353,1749620,0xc5d2460186f7233c927e7db2dcc703c0e500b653ca82273b7bfad8045d85a470,0x4d68f0de4406c3fa70d61662ac043db3bc99cd5df84ed305fb29cd46baff93bf,0xde27fc45a94b67bbf738dc147785da41bb47d2436dd41830dca349cf6faa5a50
uniswap_v2_pair,sync,mixed,solc-0.8.36-viair-200,True,True,True,70196,1627400,0xc5d2460186f7233c927e7db2dcc703c0e500b653ca82273b7bfad8045d85a470,0x4d68f0de4406c3fa70d61662ac043db3bc99cd5df84ed305fb29cd46baff93bf,0xde27fc45a94b67bbf738dc147785da41bb47d2436dd41830dca349cf6faa5a50
uniswap_v2_pair,sync_timestamp_wrap,mixed,solar-gas-200,True,True,True,70214,1564464,0xc5d2460186f7233c927e7db2dcc703c0e500b653ca82273b7bfad8045d85a470,0x2943b2a1af652ae553b8bf3271dad5d86c0e1f209a4ef28442f0b31ffd99155e,0xde27fc45a94b67bbf738dc147785da41bb47d2436dd41830dca349cf6faa5a50
uniswap_v2_pair,sync_timestamp_wrap,mixed,solar-size-1,True,True,True,70980,1558455,0xc5d2460186f7233c927e7db2dcc703c0e500b653ca82273b7bfad8045d85a470,0x2943b2a1af652ae553b8bf3271dad5d86c0e1f209a4ef28442f0b31ffd99155e,0xde27fc45a94b67bbf738dc147785da41bb47d2436dd41830dca349cf6faa5a50
uniswap_v2_pair,sync_timestamp_wrap,mixed,solc-0.8.36-legacy-200,True,True,True,70353,1749620,0xc5d2460186f7233c927e7db2dcc703c0e500b653ca82273b7bfad8045d85a470,0x2943b2a1af652ae553b8bf3271dad5d86c0e1f209a4ef28442f0b31ffd99155e,0xde27fc45a94b67bbf738dc147785da41bb47d2436dd41830dca349cf6faa5a50
uniswap_v2_pair,sync_timestamp_wrap,mixed,solc-0.8.36-viair-200,True,True,True,70196,1627400,0xc5d2460186f7233c927e7db2dcc703c0e500b653ca82273b7bfad8045d85a470,0x2943b2a1af652ae553b8bf3271dad5d86c0e1f209a4ef28442f0b31ffd99155e,0xde27fc45a94b67bbf738dc147785da41bb47d2436dd41830dca349cf6faa5a50
vault_deposit_withdraw,deposit_one_eth,cold,solar-gas-200,True,True,True,53017,137453,0xeb56b1d3ea8cb70aecb2523bb3f1061affbd3cc2b5d6307a2fafc6a1c1f4c868,0x8cd379f91aabeb9eb756ab591c564de6c95d908bef5abdfed6a289c16e055d7a,0x0000000000000000000000000000000000000000000000000000000000000000
vault_deposit_withdraw,deposit_one_eth,cold,solar-size-1,True,True,True,53072,128845,0xeb56b1d3ea8cb70aecb2523bb3f1061affbd3cc2b5d6307a2fafc6a1c1f4c868,0x8cd379f91aabeb9eb756ab591c564de6c95d908bef5abdfed6a289c16e055d7a,0x0000000000000000000000000000000000000000000000000000000000000000
vault_deposit_withdraw,deposit_one_eth,cold,solc-0.8.36-legacy-200,True,True,True,53315,199352,0xeb56b1d3ea8cb70aecb2523bb3f1061affbd3cc2b5d6307a2fafc6a1c1f4c868,0x8cd379f91aabeb9eb756ab591c564de6c95d908bef5abdfed6a289c16e055d7a,0x0000000000000000000000000000000000000000000000000000000000000000
vault_deposit_withdraw,deposit_one_eth,cold,solc-0.8.36-viair-200,True,True,True,53190,178730,0xeb56b1d3ea8cb70aecb2523bb3f1061affbd3cc2b5d6307a2fafc6a1c1f4c868,0x8cd379f91aabeb9eb756ab591c564de6c95d908bef5abdfed6a289c16e055d7a,0x0000000000000000000000000000000000000000000000000000000000000000
vault_deposit_withdraw,withdraw_half_eth,mixed,solar-gas-200,True,True,True,9685,137453,0xb03c3ccce5cdd11f710304342b9228b90a4841caf3ea82f15f61b7d2f5bf47e7,0x46845a8496d653ab21e88ce8b42da5a662d56656a1d2435e623119532e23b3ae,0x0000000000000000000000000000000000000000000000000000000000000000
vault_deposit_withdraw,withdraw_half_eth,mixed,solar-size-1,True,True,True,9677,128845,0xb03c3ccce5cdd11f710304342b9228b90a4841caf3ea82f15f61b7d2f5bf47e7,0x46845a8496d653ab21e88ce8b42da5a662d56656a1d2435e623119532e23b3ae,0x0000000000000000000000000000000000000000000000000000000000000000
vault_deposit_withdraw,withdraw_half_eth,mixed,solc-0.8.36-legacy-200,True,True,True,10006,199352,0xb03c3ccce5cdd11f710304342b9228b90a4841caf3ea82f15f61b7d2f5bf47e7,0x46845a8496d653ab21e88ce8b42da5a662d56656a1d2435e623119532e23b3ae,0x0000000000000000000000000000000000000000000000000000000000000000
vault_deposit_withdraw,withdraw_half_eth,mixed,solc-0.8.36-viair-200,True,True,True,9746,178730,0xb03c3ccce5cdd11f710304342b9228b90a4841caf3ea82f15f61b7d2f5bf47e7,0x46845a8496d653ab21e88ce8b42da5a662d56656a1d2435e623119532e23b3ae,0x0000000000000000000000000000000000000000000000000000000000000000
vault_deposit_withdraw,withdraw_revert,cold,solar-gas-200,False,False,True,2850,137453,0x8abbf300bcbab7f58098ce6281f9810a427be7e1d2b020555ebc0c85c37340ca,0xe27381a0d6b94e8704ef4282092e669b53b4d27f5959237fc132e3836640b9c8,0x0000000000000000000000000000000000000000000000000000000000000000
vault_deposit_withdraw,withdraw_revert,cold,solar-size-1,False,False,True,2839,128845,0x8abbf300bcbab7f58098ce6281f9810a427be7e1d2b020555ebc0c85c37340ca,0xe27381a0d6b94e8704ef4282092e669b53b4d27f5959237fc132e3836640b9c8,0x0000000000000000000000000000000000000000000000000000000000000000
vault_deposit_withdraw,withdraw_revert,cold,solc-0.8.36-legacy-200,False,False,True,2986,199352,0x8abbf300bcbab7f58098ce6281f9810a427be7e1d2b020555ebc0c85c37340ca,0xe27381a0d6b94e8704ef4282092e669b53b4d27f5959237fc132e3836640b9c8,0x0000000000000000000000000000000000000000000000000000000000000000
vault_deposit_withdraw,withdraw_revert,cold,solc-0.8.36-viair-200,False,False,True,2902,178730,0x8abbf300bcbab7f58098ce6281f9810a427be7e1d2b020555ebc0c85c37340ca,0xe27381a0d6b94e8704ef4282092e669b53b4d27f5959237fc132e3836640b9c8,0x0000000000000000000000000000000000000000000000000000000000000000
yearn_vault_v2,add_strategy,mixed,solar-gas-200,True,True,True,234799,3244225,0xc5d2460186f7233c927e7db2dcc703c0e500b653ca82273b7bfad8045d85a470,0xb94b478f8326cf55a9194a6f3201a04592e43c0dec665ca8028416f062b7cdb8,0xdf817bb927b78c9caf63c05baedb157f23ef44b624c33067fa62d8e97659d1d2
yearn_vault_v2,add_strategy,mixed,solar-size-1,True,True,True,235151,3324347,0xc5d2460186f7233c927e7db2dcc703c0e500b653ca82273b7bfad8045d85a470,0xb94b478f8326cf55a9194a6f3201a04592e43c0dec665ca8028416f062b7cdb8,0xdf817bb927b78c9caf63c05baedb157f23ef44b624c33067fa62d8e97659d1d2
yearn_vault_v2,add_strategy,mixed,solc-0.8.36-legacy-200,True,True,True,237416,4415322,0xc5d2460186f7233c927e7db2dcc703c0e500b653ca82273b7bfad8045d85a470,0xb94b478f8326cf55a9194a6f3201a04592e43c0dec665ca8028416f062b7cdb8,0xdf817bb927b78c9caf63c05baedb157f23ef44b624c33067fa62d8e97659d1d2
yearn_vault_v2,add_strategy,mixed,solc-0.8.36-viair-200,True,True,True,235614,4400120,0xc5d2460186f7233c927e7db2dcc703c0e500b653ca82273b7bfad8045d85a470,0xb94b478f8326cf55a9194a6f3201a04592e43c0dec665ca8028416f062b7cdb8,0xdf817bb927b78c9caf63c05baedb157f23ef44b624c33067fa62d8e97659d1d2
yearn_vault_v2,deposit,mixed,solar-gas-200,True,True,True,124402,3244225,0x4aea705195ae588d186e9fb2c4576cc7b941dbcd37e01277616003d883125bb7,0x7e55e0271c03e9ed3464a766d69c05dd9cf05bb8ce4c505463447b498e473f88,0xa93df160fc27696d498e9cfb918d5b81492b51fb74b421a1c9dd6356d6792b0c
yearn_vault_v2,deposit,mixed,solar-size-1,True,True,True,125187,3324347,0x4aea705195ae588d186e9fb2c4576cc7b941dbcd37e01277616003d883125bb7,0x7e55e0271c03e9ed3464a766d69c05dd9cf05bb8ce4c505463447b498e473f88,0xa93df160fc27696d498e9cfb918d5b81492b51fb74b421a1c9dd6356d6792b0c
yearn_vault_v2,deposit,mixed,solc-0.8.36-legacy-200,True,True,True,125081,4415322,0x4aea705195ae588d186e9fb2c4576cc7b941dbcd37e01277616003d883125bb7,0x7e55e0271c03e9ed3464a766d69c05dd9cf05bb8ce4c505463447b498e473f88,0xa93df160fc27696d498e9cfb918d5b81492b51fb74b421a1c9dd6356d6792b0c
yearn_vault_v2,deposit,mixed,solc-0.8.36-viair-200,True,True,True,125261,4400120,0x4aea705195ae588d186e9fb2c4576cc7b941dbcd37e01277616003d883125bb7,0x7e55e0271c03e9ed3464a766d69c05dd9cf05bb8ce4c505463447b498e473f88,0xa93df160fc27696d498e9cfb918d5b81492b51fb74b421a1c9dd6356d6792b0c
yearn_vault_v2,deposit_all,mixed,solar-gas-200,True,True,True,103329,3244225,0x9c5a93e045957829b066b7915e269ec0fccaaa697ec8d73e885d8e2c54bfacd9,0x8a258f939724eed12823188ba2cfdb6353d6174ec6ea5a9ac3da0cc9abb4ca89,0x94be31ae27b230f39607452d3027b18a84b86b8384db88ffb317bafbb886cf51
yearn_vault_v2,deposit_all,mixed,solar-size-1,True,True,True,104778,3324347,0x9c5a93e045957829b066b7915e269ec0fccaaa697ec8d73e885d8e2c54bfacd9,0x8a258f939724eed12823188ba2cfdb6353d6174ec6ea5a9ac3da0cc9abb4ca89,0x94be31ae27b230f39607452d3027b18a84b86b8384db88ffb317bafbb886cf51
yearn_vault_v2,deposit_all,mixed,solc-0.8.36-legacy-200,True,True,True,103834,4415322,0x9c5a93e045957829b066b7915e269ec0fccaaa697ec8d73e885d8e2c54bfacd9,0x8a258f939724eed12823188ba2cfdb6353d6174ec6ea5a9ac3da0cc9abb4ca89,0x94be31ae27b230f39607452d3027b18a84b86b8384db88ffb317bafbb886cf51
yearn_vault_v2,deposit_all,mixed,solc-0.8.36-viair-200,True,True,True,104801,4400120,0x9c5a93e045957829b066b7915e269ec0fccaaa697ec8d73e885d8e2c54bfacd9,0x8a258f939724eed12823188ba2cfdb6353d6174ec6ea5a9ac3da0cc9abb4ca89,0x94be31ae27b230f39607452d3027b18a84b86b8384db88ffb317bafbb886cf51
yearn_vault_v2,emergency_shutdown,warm,solar-gas-200,True,True,True,21903,3244225,0xc5d2460186f7233c927e7db2dcc703c0e500b653ca82273b7bfad8045d85a470,0x3a38c242d40a20a102bfab3c3e77b5c6f19497d03ed9e680acab723797a9483e,0x10a6d7ebdf2f0ada68befb7aff720fc547d7fc34d05955239bc1ceaf6a5d69b5
yearn_vault_v2,emergency_shutdown,warm,solar-size-1,True,True,True,21834,3324347,0xc5d2460186f7233c927e7db2dcc703c0e500b653ca82273b7bfad8045d85a470,0x3a38c242d40a20a102bfab3c3e77b5c6f19497d03ed9e680acab723797a9483e,0x10a6d7ebdf2f0ada68befb7aff720fc547d7fc34d05955239bc1ceaf6a5d69b5
yearn_vault_v2,emergency_shutdown,warm,solc-0.8.36-legacy-200,True,True,True,22040,4415322,0xc5d2460186f7233c927e7db2dcc703c0e500b653ca82273b7bfad8045d85a470,0x3a38c242d40a20a102bfab3c3e77b5c6f19497d03ed9e680acab723797a9483e,0x10a6d7ebdf2f0ada68befb7aff720fc547d7fc34d05955239bc1ceaf6a5d69b5
yearn_vault_v2,emergency_shutdown,warm,solc-0.8.36-viair-200,True,True,True,21902,4400120,0xc5d2460186f7233c927e7db2dcc703c0e500b653ca82273b7bfad8045d85a470,0x3a38c242d40a20a102bfab3c3e77b5c6f19497d03ed9e680acab723797a9483e,0x10a6d7ebdf2f0ada68befb7aff720fc547d7fc34d05955239bc1ceaf6a5d69b5
yearn_vault_v2,initialize,cold,solar-gas-200,True,True,True,298418,3244225,0xc5d2460186f7233c927e7db2dcc703c0e500b653ca82273b7bfad8045d85a470,0x0cb4bd0594a34d114b66e01e4d123a5bc3c7f849c7511adb42f76ebb642b56ee,0x6ff42185b17696b52fb6065be3705447f6ef038ea27089cd6d37784be62b352f
yearn_vault_v2,initialize,cold,solar-size-1,True,True,True,299044,3324347,0xc5d2460186f7233c927e7db2dcc703c0e500b653ca82273b7bfad8045d85a470,0x0cb4bd0594a34d114b66e01e4d123a5bc3c7f849c7511adb42f76ebb642b56ee,0x6ff42185b17696b52fb6065be3705447f6ef038ea27089cd6d37784be62b352f
yearn_vault_v2,initialize,cold,solc-0.8.36-legacy-200,True,True,True,299172,4415322,0xc5d2460186f7233c927e7db2dcc703c0e500b653ca82273b7bfad8045d85a470,0x0cb4bd0594a34d114b66e01e4d123a5bc3c7f849c7511adb42f76ebb642b56ee,0x6ff42185b17696b52fb6065be3705447f6ef038ea27089cd6d37784be62b352f
yearn_vault_v2,initialize,cold,solc-0.8.36-viair-200,True,True,True,298864,4400120,0xc5d2460186f7233c927e7db2dcc703c0e500b653ca82273b7bfad8045d85a470,0x0cb4bd0594a34d114b66e01e4d123a5bc3c7f849c7511adb42f76ebb642b56ee,0x6ff42185b17696b52fb6065be3705447f6ef038ea27089cd6d37784be62b352f
yearn_vault_v2,queue_add_remove,warm,solar-gas-200,True,True,True,27496,3244225,0xc5d2460186f7233c927e7db2dcc703c0e500b653ca82273b7bfad8045d85a470,0x3a50d8683470c7c5971924dcfbb252a6e75522f1591e0faf2432d9665651a4c7,0xc7b48a8a64b397e50cd250684ab0833597b4a1fe40598c053708d3a007a6f426
yearn_vault_v2,queue_add_remove,warm,solar-size-1,True,True,True,28631,3324347,0xc5d2460186f7233c927e7db2dcc703c0e500b653ca82273b7bfad8045d85a470,0x3a50d8683470c7c5971924dcfbb252a6e75522f1591e0faf2432d9665651a4c7,0xc7b48a8a64b397e50cd250684ab0833597b4a1fe40598c053708d3a007a6f426
yearn_vault_v2,queue_add_remove,warm,solc-0.8.36-legacy-200,True,True,True,29207,4415322,0xc5d2460186f7233c927e7db2dcc703c0e500b653ca82273b7bfad8045d85a470,0x3a50d8683470c7c5971924dcfbb252a6e75522f1591e0faf2432d9665651a4c7,0xc7b48a8a64b397e50cd250684ab0833597b4a1fe40598c053708d3a007a6f426
yearn_vault_v2,queue_add_remove,warm,solc-0.8.36-viair-200,True,True,True,28720,4400120,0xc5d2460186f7233c927e7db2dcc703c0e500b653ca82273b7bfad8045d85a470,0x3a50d8683470c7c5971924dcfbb252a6e75522f1591e0faf2432d9665651a4c7,0xc7b48a8a64b397e50cd250684ab0833597b4a1fe40598c053708d3a007a6f426
yearn_vault_v2,report_credit,mixed,solar-gas-200,True,True,True,80498,3244225,0x290decd9548b62a8d60345a988386fc84ba6bc95484008f6362f93160ef3e563,0xe4f765147e604a93712feb700b679bffebceaa17fcbaa8e050ce57287d54dcce,0x47340bd3cc734e9eb340e3531dfe690f5a920d084a61864009d16a9d085c1568
yearn_vault_v2,report_credit,mixed,solar-size-1,True,True,True,82488,3324347,0x290decd9548b62a8d60345a988386fc84ba6bc95484008f6362f93160ef3e563,0xe4f765147e604a93712feb700b679bffebceaa17fcbaa8e050ce57287d54dcce,0x47340bd3cc734e9eb340e3531dfe690f5a920d084a61864009d16a9d085c1568
yearn_vault_v2,report_credit,mixed,solc-0.8.36-legacy-200,True,True,True,82920,4415322,0x290decd9548b62a8d60345a988386fc84ba6bc95484008f6362f93160ef3e563,0xe4f765147e604a93712feb700b679bffebceaa17fcbaa8e050ce57287d54dcce,0x47340bd3cc734e9eb340e3531dfe690f5a920d084a61864009d16a9d085c1568
yearn_vault_v2,report_credit,mixed,solc-0.8.36-viair-200,True,True,True,81782,4400120,0x290decd9548b62a8d60345a988386fc84ba6bc95484008f6362f93160ef3e563,0xe4f765147e604a93712feb700b679bffebceaa17fcbaa8e050ce57287d54dcce,0x47340bd3cc734e9eb340e3531dfe690f5a920d084a61864009d16a9d085c1568
yearn_vault_v2,report_gain,mixed,solar-gas-200,True,True,True,98425,3244225,0x290decd9548b62a8d60345a988386fc84ba6bc95484008f6362f93160ef3e563,0x6d1a0cfc274204823afe00a3e57bdab89c53312b99be20dd4102802f1b670e17,0x4acd1fcbd1c78a9a622770c3962f84f43d1a27850ee7187f85b1cbff5e565067
yearn_vault_v2,report_gain,mixed,solar-size-1,True,True,True,100417,3324347,0x290decd9548b62a8d60345a988386fc84ba6bc95484008f6362f93160ef3e563,0x6d1a0cfc274204823afe00a3e57bdab89c53312b99be20dd4102802f1b670e17,0x4acd1fcbd1c78a9a622770c3962f84f43d1a27850ee7187f85b1cbff5e565067
yearn_vault_v2,report_gain,mixed,solc-0.8.36-legacy-200,True,True,True,100881,4415322,0x290decd9548b62a8d60345a988386fc84ba6bc95484008f6362f93160ef3e563,0x6d1a0cfc274204823afe00a3e57bdab89c53312b99be20dd4102802f1b670e17,0x4acd1fcbd1c78a9a622770c3962f84f43d1a27850ee7187f85b1cbff5e565067
yearn_vault_v2,report_gain,mixed,solc-0.8.36-viair-200,True,True,True,99724,4400120,0x290decd9548b62a8d60345a988386fc84ba6bc95484008f6362f93160ef3e563,0x6d1a0cfc274204823afe00a3e57bdab89c53312b99be20dd4102802f1b670e17,0x4acd1fcbd1c78a9a622770c3962f84f43d1a27850ee7187f85b1cbff5e565067
yearn_vault_v2,revoke_strategy,warm,solar-gas-200,True,True,True,2543,3244225,0xc5d2460186f7233c927e7db2dcc703c0e500b653ca82273b7bfad8045d85a470,0xcf76c6d7c5506d31fe1e1773d095c29749f16bb96a074f36e844d9c6cfef33ce,0x4b30f7c6c3b1fdbc35cc6f94928921856759f8a03a1dc28bf176c81d66143fbf
yearn_vault_v2,revoke_strategy,warm,solar-size-1,True,True,True,3768,3324347,0xc5d2460186f7233c927e7db2dcc703c0e500b653ca82273b7bfad8045d85a470,0xcf76c6d7c5506d31fe1e1773d095c29749f16bb96a074f36e844d9c6cfef33ce,0x4b30f7c6c3b1fdbc35cc6f94928921856759f8a03a1dc28bf176c81d66143fbf
yearn_vault_v2,revoke_strategy,warm,solc-0.8.36-legacy-200,True,True,True,2716,4415322,0xc5d2460186f7233c927e7db2dcc703c0e500b653ca82273b7bfad8045d85a470,0xcf76c6d7c5506d31fe1e1773d095c29749f16bb96a074f36e844d9c6cfef33ce,0x4b30f7c6c3b1fdbc35cc6f94928921856759f8a03a1dc28bf176c81d66143fbf
yearn_vault_v2,revoke_strategy,warm,solc-0.8.36-viair-200,True,True,True,3699,4400120,0xc5d2460186f7233c927e7db2dcc703c0e500b653ca82273b7bfad8045d85a470,0xcf76c6d7c5506d31fe1e1773d095c29749f16bb96a074f36e844d9c6cfef33ce,0x4b30f7c6c3b1fdbc35cc6f94928921856759f8a03a1dc28bf176c81d66143fbf
yearn_vault_v2,set_deposit_limit,warm,solar-gas-200,True,True,True,1871,3244225,0xc5d2460186f7233c927e7db2dcc703c0e500b653ca82273b7bfad8045d85a470,0xf0a2902e72ea809d3162a74a8463b72dc3c4c39708f2be5b0ae37443eced9d6b,0x9edf49663db8361351c63953e7ef973abc411be2982ae08170ee4831d08743b0
yearn_vault_v2,set_deposit_limit,warm,solar-size-1,True,True,True,2882,3324347,0xc5d2460186f7233c927e7db2dcc703c0e500b653ca82273b7bfad8045d85a470,0xf0a2902e72ea809d3162a74a8463b72dc3c4c39708f2be5b0ae37443eced9d6b,0x9edf49663db8361351c63953e7ef973abc411be2982ae08170ee4831d08743b0
yearn_vault_v2,set_deposit_limit,warm,solc-0.8.36-legacy-200,True,True,True,1953,4415322,0xc5d2460186f7233c927e7db2dcc703c0e500b653ca82273b7bfad8045d85a470,0xf0a2902e72ea809d3162a74a8463b72dc3c4c39708f2be5b0ae37443eced9d6b,0x9edf49663db8361351c63953e7ef973abc411be2982ae08170ee4831d08743b0
yearn_vault_v2,set_deposit_limit,warm,solc-0.8.36-viair-200,True,True,True,2957,4400120,0xc5d2460186f7233c927e7db2dcc703c0e500b653ca82273b7bfad8045d85a470,0xf0a2902e72ea809d3162a74a8463b72dc3c4c39708f2be5b0ae37443eced9d6b,0x9edf49663db8361351c63953e7ef973abc411be2982ae08170ee4831d08743b0
yearn_vault_v2,transfer,mixed,solar-gas-200,True,True,True,25396,3244225,0xb10e2d527612073b26eecdfd717e6a320cf44b4afac2b0732d9fcbe2b7fa0cf6,0x2cfdaa4ed728c8764c714ff39014868e32ff5cf271bbeafa3923e7eac4e19495,0x559bc419f4506540d39f6393cb9df1a2f31084da9f7986ffbe54d56866925fb3
yearn_vault_v2,transfer,mixed,solar-size-1,True,True,True,26800,3324347,0xb10e2d527612073b26eecdfd717e6a320cf44b4afac2b0732d9fcbe2b7fa0cf6,0x2cfdaa4ed728c8764c714ff39014868e32ff5cf271bbeafa3923e7eac4e19495,0x559bc419f4506540d39f6393cb9df1a2f31084da9f7986ffbe54d56866925fb3
yearn_vault_v2,transfer,mixed,solc-0.8.36-legacy-200,True,True,True,25884,4415322,0xb10e2d527612073b26eecdfd717e6a320cf44b4afac2b0732d9fcbe2b7fa0cf6,0x2cfdaa4ed728c8764c714ff39014868e32ff5cf271bbeafa3923e7eac4e19495,0x559bc419f4506540d39f6393cb9df1a2f31084da9f7986ffbe54d56866925fb3
yearn_vault_v2,transfer,mixed,solc-0.8.36-viair-200,True,True,True,26548,4400120,0xb10e2d527612073b26eecdfd717e6a320cf44b4afac2b0732d9fcbe2b7fa0cf6,0x2cfdaa4ed728c8764c714ff39014868e32ff5cf271bbeafa3923e7eac4e19495,0x559bc419f4506540d39f6393cb9df1a2f31084da9f7986ffbe54d56866925fb3
yearn_vault_v2,transfer_from,mixed,solar-gas-200,True,True,True,28496,3244225,0xb10e2d527612073b26eecdfd717e6a320cf44b4afac2b0732d9fcbe2b7fa0cf6,0x2241450f6f2c74ff07c24112153e6df6a86da2e6215e87bfc77ca97f01e20ef6,0xd730f6adc96c51db60b9d03b9f1d22ae78f5dad9f7f114159f427cf78ef75883
yearn_vault_v2,transfer_from,mixed,solar-size-1,True,True,True,29235,3324347,0xb10e2d527612073b26eecdfd717e6a320cf44b4afac2b0732d9fcbe2b7fa0cf6,0x2241450f6f2c74ff07c24112153e6df6a86da2e6215e87bfc77ca97f01e20ef6,0xd730f6adc96c51db60b9d03b9f1d22ae78f5dad9f7f114159f427cf78ef75883
yearn_vault_v2,transfer_from,mixed,solc-0.8.36-legacy-200,True,True,True,28987,4415322,0xb10e2d527612073b26eecdfd717e6a320cf44b4afac2b0732d9fcbe2b7fa0cf6,0x2241450f6f2c74ff07c24112153e6df6a86da2e6215e87bfc77ca97f01e20ef6,0xd730f6adc96c51db60b9d03b9f1d22ae78f5dad9f7f114159f427cf78ef75883
yearn_vault_v2,transfer_from,mixed,solc-0.8.36-viair-200,True,True,True,28745,4400120,0xb10e2d527612073b26eecdfd717e6a320cf44b4afac2b0732d9fcbe2b7fa0cf6,0x2241450f6f2c74ff07c24112153e6df6a86da2e6215e87bfc77ca97f01e20ef6,0xd730f6adc96c51db60b9d03b9f1d22ae78f5dad9f7f114159f427cf78ef75883
yearn_vault_v2,update_strategy_debt_ratio,warm,solar-gas-200,True,True,True,23923,3244225,0xc5d2460186f7233c927e7db2dcc703c0e500b653ca82273b7bfad8045d85a470,0xd17ad3d41c961ad8003fcc50eb81bfa978822fe41517a89f6b9a64c6ca488a00,0x0def37846f15348e7a957416f14d2c0ed96df78ab1216404544d1ccf66255d33
yearn_vault_v2,update_strategy_debt_ratio,warm,solar-size-1,True,True,True,24784,3324347,0xc5d2460186f7233c927e7db2dcc703c0e500b653ca82273b7bfad8045d85a470,0xd17ad3d41c961ad8003fcc50eb81bfa978822fe41517a89f6b9a64c6ca488a00,0x0def37846f15348e7a957416f14d2c0ed96df78ab1216404544d1ccf66255d33
yearn_vault_v2,update_strategy_debt_ratio,warm,solc-0.8.36-legacy-200,True,True,True,24513,4415322,0xc5d2460186f7233c927e7db2dcc703c0e500b653ca82273b7bfad8045d85a470,0xd17ad3d41c961ad8003fcc50eb81bfa978822fe41517a89f6b9a64c6ca488a00,0x0def37846f15348e7a957416f14d2c0ed96df78ab1216404544d1ccf66255d33
yearn_vault_v2,update_strategy_debt_ratio,warm,solc-0.8.36-viair-200,True,True,True,24923,4400120,0xc5d2460186f7233c927e7db2dcc703c0e500b653ca82273b7bfad8045d85a470,0xd17ad3d41c961ad8003fcc50eb81bfa978822fe41517a89f6b9a64c6ca488a00,0x0def37846f15348e7a957416f14d2c0ed96df78ab1216404544d1ccf66255d33
yearn_vault_v2,withdraw_idle,mixed,solar-gas-200,True,True,True,13434,3244225,0x3e36754e793c97a169c03e739774fb60ca849223a1ec044047a649e4cc9ff569,0x3953b1889fb46970701bdd1590fc975e071fff0264d40345a2218473f8e61875,0xb235d707f2d3af00614e67d849c5b42fb28c0e2a91808b2f5f7ffb3758427a0c
yearn_vault_v2,withdraw_idle,mixed,solar-size-1,True,True,True,15289,3324347,0x3e36754e793c97a169c03e739774fb60ca849223a1ec044047a649e4cc9ff569,0x3953b1889fb46970701bdd1590fc975e071fff0264d40345a2218473f8e61875,0xb235d707f2d3af00614e67d849c5b42fb28c0e2a91808b2f5f7ffb3758427a0c
yearn_vault_v2,withdraw_idle,mixed,solc-0.8.36-legacy-200,True,True,True,14509,4415322,0x3e36754e793c97a169c03e739774fb60ca849223a1ec044047a649e4cc9ff569,0x3953b1889fb46970701bdd1590fc975e071fff0264d40345a2218473f8e61875,0xb235d707f2d3af00614e67d849c5b42fb28c0e2a91808b2f5f7ffb3758427a0c
yearn_vault_v2,withdraw_idle,mixed,solc-0.8.36-viair-200,True,True,True,15247,4400120,0x3e36754e793c97a169c03e739774fb60ca849223a1ec044047a649e4cc9ff569,0x3953b1889fb46970701bdd1590fc975e071fff0264d40345a2218473f8e61875,0xb235d707f2d3af00614e67d849c5b42fb28c0e2a91808b2f5f7ffb3758427a0c
yearn_vault_v2,withdraw_strategy,mixed,solar-gas-200,True,True,True,22570,3244225,0x87a8cbb68a3b4c96f8e4dfc7557a50bed4c1dbdbd9fdb46e958a215e72ab62c6,0x6083ef8c0262f0913e7415cef57df8a0c7d216ffd9bfd13408b9b6394e7ba141,0x37cf8f01cac3df379ddf45cb38b46c5f9b71f127ce94650f2f8555216c37d69f
yearn_vault_v2,withdraw_strategy,mixed,solar-size-1,True,True,True,25085,3324347,0x87a8cbb68a3b4c96f8e4dfc7557a50bed4c1dbdbd9fdb46e958a215e72ab62c6,0x6083ef8c0262f0913e7415cef57df8a0c7d216ffd9bfd13408b9b6394e7ba141,0x37cf8f01cac3df379ddf45cb38b46c5f9b71f127ce94650f2f8555216c37d69f
yearn_vault_v2,withdraw_strategy,mixed,solc-0.8.36-legacy-200,True,True,True,24486,4415322,0x87a8cbb68a3b4c96f8e4dfc7557a50bed4c1dbdbd9fdb46e958a215e72ab62c6,0x6083ef8c0262f0913e7415cef57df8a0c7d216ffd9bfd13408b9b6394e7ba141,0x37cf8f01cac3df379ddf45cb38b46c5f9b71f127ce94650f2f8555216c37d69f
yearn_vault_v2,withdraw_strategy,mixed,solc-0.8.36-viair-200,True,True,True,24919,4400120,0x87a8cbb68a3b4c96f8e4dfc7557a50bed4c1dbdbd9fdb46e958a215e72ab62c6,0x6083ef8c0262f0913e7415cef57df8a0c7d216ffd9bfd13408b9b6394e7ba141,0x37cf8f01cac3df379ddf45cb38b46c5f9b71f127ce94650f2f8555216c37d69f
yearn_vault_v3,add_remove_role,warm,solar-gas-200,True,True,True,2755,4554651,0xc5d2460186f7233c927e7db2dcc703c0e500b653ca82273b7bfad8045d85a470,0xc38a1179f5e600c028afae80da382867b3f2c267e21ce74fe7dfd1224de7b326,0xc54625f188869e732890442de8eeffdf453d24bd7ce0a6c0f72b998e033bf032
yearn_vault_v3,add_remove_role,warm,solar-size-1,True,True,True,4481,4637790,0xc5d2460186f7233c927e7db2dcc703c0e500b653ca82273b7bfad8045d85a470,0xc38a1179f5e600c028afae80da382867b3f2c267e21ce74fe7dfd1224de7b326,0xc54625f188869e732890442de8eeffdf453d24bd7ce0a6c0f72b998e033bf032
yearn_vault_v3,add_remove_role,warm,solc-0.8.36-legacy-200,True,True,True,2911,5149881,0xc5d2460186f7233c927e7db2dcc703c0e500b653ca82273b7bfad8045d85a470,0xc38a1179f5e600c028afae80da382867b3f2c267e21ce74fe7dfd1224de7b326,0xc54625f188869e732890442de8eeffdf453d24bd7ce0a6c0f72b998e033bf032
yearn_vault_v3,add_remove_role,warm,solc-0.8.36-viair-200,True,True,True,4472,5810068,0xc5d2460186f7233c927e7db2dcc703c0e500b653ca82273b7bfad8045d85a470,0xc38a1179f5e600c028afae80da382867b3f2c267e21ce74fe7dfd1224de7b326,0xc54625f188869e732890442de8eeffdf453d24bd7ce0a6c0f72b998e033bf032
yearn_vault_v3,add_strategy_default_queue,mixed,solar-gas-200,True,True,True,96557,4554651,0xc5d2460186f7233c927e7db2dcc703c0e500b653ca82273b7bfad8045d85a470,0x6e3cc6f129af3fc20d7cdb7c04fa5b4e5a9c1dc1902a331a4350f8d3eea0ecb7,0xb0261827c7855938ee8f9f6579356f6f3701b6ad6ff2587d5eefeb3a9ecf2116
yearn_vault_v3,add_strategy_default_queue,mixed,solar-size-1,True,True,True,98422,4637790,0xc5d2460186f7233c927e7db2dcc703c0e500b653ca82273b7bfad8045d85a470,0x6e3cc6f129af3fc20d7cdb7c04fa5b4e5a9c1dc1902a331a4350f8d3eea0ecb7,0xb0261827c7855938ee8f9f6579356f6f3701b6ad6ff2587d5eefeb3a9ecf2116
yearn_vault_v3,add_strategy_default_queue,mixed,solc-0.8.36-legacy-200,True,True,True,97119,5149881,0xc5d2460186f7233c927e7db2dcc703c0e500b653ca82273b7bfad8045d85a470,0x6e3cc6f129af3fc20d7cdb7c04fa5b4e5a9c1dc1902a331a4350f8d3eea0ecb7,0xb0261827c7855938ee8f9f6579356f6f3701b6ad6ff2587d5eefeb3a9ecf2116
yearn_vault_v3,add_strategy_default_queue,mixed,solc-0.8.36-viair-200,True,True,True,98844,5810068,0xc5d2460186f7233c927e7db2dcc703c0e500b653ca82273b7bfad8045d85a470,0x6e3cc6f129af3fc20d7cdb7c04fa5b4e5a9c1dc1902a331a4350f8d3eea0ecb7,0xb0261827c7855938ee8f9f6579356f6f3701b6ad6ff2587d5eefeb3a9ecf2116
yearn_vault_v3,approve,warm,solar-gas-200,True,True,True,25221,4554651,0xb10e2d527612073b26eecdfd717e6a320cf44b4afac2b0732d9fcbe2b7fa0cf6,0x4dc733688edd51b0a22cf598bce21eaa045082ae6736849987179f81635fe3de,0xab4dba4535dfd68914c3334d0f076f11422f5dd58b1a9dec0fb7351985740d82
yearn_vault_v3,approve,warm,solar-size-1,True,True,True,25270,4637790,0xb10e2d527612073b26eecdfd717e6a320cf44b4afac2b0732d9fcbe2b7fa0cf6,0x4dc733688edd51b0a22cf598bce21eaa045082ae6736849987179f81635fe3de,0xab4dba4535dfd68914c3334d0f076f11422f5dd58b1a9dec0fb7351985740d82
yearn_vault_v3,approve,warm,solc-0.8.36-legacy-200,True,True,True,25250,5149881,0xb10e2d527612073b26eecdfd717e6a320cf44b4afac2b0732d9fcbe2b7fa0cf6,0x4dc733688edd51b0a22cf598bce21eaa045082ae6736849987179f81635fe3de,0xab4dba4535dfd68914c3334d0f076f11422f5dd58b1a9dec0fb7351985740d82
yearn_vault_v3,approve,warm,solc-0.8.36-viair-200,True,True,True,25103,5810068,0xb10e2d527612073b26eecdfd717e6a320cf44b4afac2b0732d9fcbe2b7fa0cf6,0x4dc733688edd51b0a22cf598bce21eaa045082ae6736849987179f81635fe3de,0xab4dba4535dfd68914c3334d0f076f11422f5dd58b1a9dec0fb7351985740d82
yearn_vault_v3,assess_unrealized_loss,warm,solar-gas-200,True,True,True,4590,4554651,0xeaa4edfc9989902326c48724adcaa3f61f2c6a4508945737ed020e3c4d871071,0x3521d8726214a141bf214fedc5226679b57589710a5df0c97e90f7cd6d64806a,0x0000000000000000000000000000000000000000000000000000000000000000
yearn_vault_v3,assess_unrealized_loss,warm,solar-size-1,True,True,True,5318,4637790,0xeaa4edfc9989902326c48724adcaa3f61f2c6a4508945737ed020e3c4d871071,0x3521d8726214a141bf214fedc5226679b57589710a5df0c97e90f7cd6d64806a,0x0000000000000000000000000000000000000000000000000000000000000000
yearn_vault_v3,assess_unrealized_loss,warm,solc-0.8.36-legacy-200,True,True,True,4835,5149881,0xeaa4edfc9989902326c48724adcaa3f61f2c6a4508945737ed020e3c4d871071,0x3521d8726214a141bf214fedc5226679b57589710a5df0c97e90f7cd6d64806a,0x0000000000000000000000000000000000000000000000000000000000000000
yearn_vault_v3,assess_unrealized_loss,warm,solc-0.8.36-viair-200,True,True,True,5225,5810068,0xeaa4edfc9989902326c48724adcaa3f61f2c6a4508945737ed020e3c4d871071,0x3521d8726214a141bf214fedc5226679b57589710a5df0c97e90f7cd6d64806a,0x0000000000000000000000000000000000000000000000000000000000000000
yearn_vault_v3,auto_allocate_deposit,mixed,solar-gas-200,True,True,True,275211,4554651,0x4aea705195ae588d186e9fb2c4576cc7b941dbcd37e01277616003d883125bb7,0x51f62eff8c09994e8694f3a8d8a7925be3015d1d2937b003f30cf4c9efc4fad4,0x65c3bf059496813637ff51c480d9f3546c826618a820ea418afadd6d7ad0905e
yearn_vault_v3,auto_allocate_deposit,mixed,solar-size-1,True,True,True,276475,4637790,0x4aea705195ae588d186e9fb2c4576cc7b941dbcd37e01277616003d883125bb7,0x51f62eff8c09994e8694f3a8d8a7925be3015d1d2937b003f30cf4c9efc4fad4,0x65c3bf059496813637ff51c480d9f3546c826618a820ea418afadd6d7ad0905e
yearn_vault_v3,auto_allocate_deposit,mixed,solc-0.8.36-legacy-200,True,True,True,276939,5149881,0x4aea705195ae588d186e9fb2c4576cc7b941dbcd37e01277616003d883125bb7,0x51f62eff8c09994e8694f3a8d8a7925be3015d1d2937b003f30cf4c9efc4fad4,0x65c3bf059496813637ff51c480d9f3546c826618a820ea418afadd6d7ad0905e
yearn_vault_v3,auto_allocate_deposit,mixed,solc-0.8.36-viair-200,True,True,True,276884,5810068,0x4aea705195ae588d186e9fb2c4576cc7b941dbcd37e01277616003d883125bb7,0x51f62eff8c09994e8694f3a8d8a7925be3015d1d2937b003f30cf4c9efc4fad4,0x65c3bf059496813637ff51c480d9f3546c826618a820ea418afadd6d7ad0905e
yearn_vault_v3,conversion_zero_edges,warm,solar-gas-200,True,True,True,1044,4554651,0x290decd9548b62a8d60345a988386fc84ba6bc95484008f6362f93160ef3e563,0x8b8ec1b7d7a6946eecc56bb503ef3edc4db228581ac2546a0efc130fc6f78332,0x0000000000000000000000000000000000000000000000000000000000000000
yearn_vault_v3,conversion_zero_edges,warm,solar-size-1,True,True,True,2441,4637790,0x290decd9548b62a8d60345a988386fc84ba6bc95484008f6362f93160ef3e563,0x8b8ec1b7d7a6946eecc56bb503ef3edc4db228581ac2546a0efc130fc6f78332,0x0000000000000000000000000000000000000000000000000000000000000000
yearn_vault_v3,conversion_zero_edges,warm,solc-0.8.36-legacy-200,True,True,True,1190,5149881,0x290decd9548b62a8d60345a988386fc84ba6bc95484008f6362f93160ef3e563,0x8b8ec1b7d7a6946eecc56bb503ef3edc4db228581ac2546a0efc130fc6f78332,0x0000000000000000000000000000000000000000000000000000000000000000
yearn_vault_v3,conversion_zero_edges,warm,solc-0.8.36-viair-200,True,True,True,2465,5810068,0x290decd9548b62a8d60345a988386fc84ba6bc95484008f6362f93160ef3e563,0x8b8ec1b7d7a6946eecc56bb503ef3edc4db228581ac2546a0efc130fc6f78332,0x0000000000000000000000000000000000000000000000000000000000000000
yearn_vault_v3,custom_queue_withdraw,mixed,solar-gas-200,True,True,True,40548,4554651,0x87a8cbb68a3b4c96f8e4dfc7557a50bed4c1dbdbd9fdb46e958a215e72ab62c6,0x9c2f2a7e276d29465d87ae7a846cf2446f9d62d022af9de11873b43f5209cfb1,0x4693539715871843d929462bd32ac3d0f8b17852dc16752007805b4acbe91535
yearn_vault_v3,custom_queue_withdraw,mixed,solar-size-1,True,True,True,42923,4637790,0x87a8cbb68a3b4c96f8e4dfc7557a50bed4c1dbdbd9fdb46e958a215e72ab62c6,0x9c2f2a7e276d29465d87ae7a846cf2446f9d62d022af9de11873b43f5209cfb1,0x4693539715871843d929462bd32ac3d0f8b17852dc16752007805b4acbe91535
yearn_vault_v3,custom_queue_withdraw,mixed,solc-0.8.36-legacy-200,True,True,True,42041,5149881,0x87a8cbb68a3b4c96f8e4dfc7557a50bed4c1dbdbd9fdb46e958a215e72ab62c6,0x9c2f2a7e276d29465d87ae7a846cf2446f9d62d022af9de11873b43f5209cfb1,0x4693539715871843d929462bd32ac3d0f8b17852dc16752007805b4acbe91535
yearn_vault_v3,custom_queue_withdraw,mixed,solc-0.8.36-viair-200,True,True,True,43822,5810068,0x87a8cbb68a3b4c96f8e4dfc7557a50bed4c1dbdbd9fdb46e958a215e72ab62c6,0x9c2f2a7e276d29465d87ae7a846cf2446f9d62d022af9de11873b43f5209cfb1,0x4693539715871843d929462bd32ac3d0f8b17852dc16752007805b4acbe91535
yearn_vault_v3,deposit,mixed,solar-gas-200,True,True,True,127911,4554651,0x4aea705195ae588d186e9fb2c4576cc7b941dbcd37e01277616003d883125bb7,0x22d7c2cfc99d991e0534df960e9da3417fe4031541692796b50c3797667e28a6,0x9f97e99bf4bfad62acb395b98b93750a9aa8d96bd88f3eb73e560af2195d368f
yearn_vault_v3,deposit,mixed,solar-size-1,True,True,True,128861,4637790,0x4aea705195ae588d186e9fb2c4576cc7b941dbcd37e01277616003d883125bb7,0x22d7c2cfc99d991e0534df960e9da3417fe4031541692796b50c3797667e28a6,0x9f97e99bf4bfad62acb395b98b93750a9aa8d96bd88f3eb73e560af2195d368f
yearn_vault_v3,deposit,mixed,solc-0.8.36-legacy-200,True,True,True,128569,5149881,0x4aea705195ae588d186e9fb2c4576cc7b941dbcd37e01277616003d883125bb7,0x22d7c2cfc99d991e0534df960e9da3417fe4031541692796b50c3797667e28a6,0x9f97e99bf4bfad62acb395b98b93750a9aa8d96bd88f3eb73e560af2195d368f
yearn_vault_v3,deposit,mixed,solc-0.8.36-viair-200,True,True,True,128562,5810068,0x4aea705195ae588d186e9fb2c4576cc7b941dbcd37e01277616003d883125bb7,0x22d7c2cfc99d991e0534df960e9da3417fe4031541692796b50c3797667e28a6,0x9f97e99bf4bfad62acb395b98b93750a9aa8d96bd88f3eb73e560af2195d368f
yearn_vault_v3,deposit_all_max_uint,mixed,solar-gas-200,True,True,True,126555,4554651,0xa6263bfb23b74bfbe0b9dc5f023c5036201f1be0316579452aa08330dc6c7da5,0x6688841ab91f0e0965d03894c9bd552765751d3dad7d7816ad03b0619cd13533,0x7d03330325a1b933e248627729dab3fdb69d77c106350815eeb2e5117ac8780a
yearn_vault_v3,deposit_all_max_uint,mixed,solar-size-1,True,True,True,127555,4637790,0xa6263bfb23b74bfbe0b9dc5f023c5036201f1be0316579452aa08330dc6c7da5,0x6688841ab91f0e0965d03894c9bd552765751d3dad7d7816ad03b0619cd13533,0x7d03330325a1b933e248627729dab3fdb69d77c106350815eeb2e5117ac8780a
yearn_vault_v3,deposit_all_max_uint,mixed,solc-0.8.36-legacy-200,True,True,True,127024,5149881,0xa6263bfb23b74bfbe0b9dc5f023c5036201f1be0316579452aa08330dc6c7da5,0x6688841ab91f0e0965d03894c9bd552765751d3dad7d7816ad03b0619cd13533,0x7d03330325a1b933e248627729dab3fdb69d77c106350815eeb2e5117ac8780a
yearn_vault_v3,deposit_all_max_uint,mixed,solc-0.8.36-viair-200,True,True,True,127373,5810068,0xa6263bfb23b74bfbe0b9dc5f023c5036201f1be0316579452aa08330dc6c7da5,0x6688841ab91f0e0965d03894c9bd552765751d3dad7d7816ad03b0619cd13533,0x7d03330325a1b933e248627729dab3fdb69d77c106350815eeb2e5117ac8780a
yearn_vault_v3,deposit_asset_no_return,mixed,solar-gas-200,True,True,True,127717,4554651,0x4aea705195ae588d186e9fb2c4576cc7b941dbcd37e01277616003d883125bb7,0x22d7c2cfc99d991e0534df960e9da3417fe4031541692796b50c3797667e28a6,0x9f97e99bf4bfad62acb395b98b93750a9aa8d96bd88f3eb73e560af2195d368f
yearn_vault_v3,deposit_asset_no_return,mixed,solar-size-1,True,True,True,128667,4637790,0x4aea705195ae588d186e9fb2c4576cc7b941dbcd37e01277616003d883125bb7,0x22d7c2cfc99d991e0534df960e9da3417fe4031541692796b50c3797667e28a6,0x9f97e99bf4bfad62acb395b98b93750a9aa8d96bd88f3eb73e560af2195d368f
yearn_vault_v3,deposit_asset_no_return,mixed,solc-0.8.36-legacy-200,True,True,True,128246,5149881,0x4aea705195ae588d186e9fb2c4576cc7b941dbcd37e01277616003d883125bb7,0x22d7c2cfc99d991e0534df960e9da3417fe4031541692796b50c3797667e28a6,0x9f97e99bf4bfad62acb395b98b93750a9aa8d96bd88f3eb73e560af2195d368f
yearn_vault_v3,deposit_asset_no_return,mixed,solc-0.8.36-viair-200,True,True,True,128172,5810068,0x4aea705195ae588d186e9fb2c4576cc7b941dbcd37e01277616003d883125bb7,0x22d7c2cfc99d991e0534df960e9da3417fe4031541692796b50c3797667e28a6,0x9f97e99bf4bfad62acb395b98b93750a9aa8d96bd88f3eb73e560af2195d368f
yearn_vault_v3,deposit_limit_module,mixed,solar-gas-200,True,True,True,126358,4554651,0xef9d334ee3e15416314a60312ef616e881c3bfffe4b60b11befc2707c79b7d35,0xfbc176a8990549027ac4a20a0d29df919d39049b24e0f8331b1dbc9fc9f03dfb,0xb6a03693bbd48da47d5de2644f3754dbd7d469acf58059028485816732929b72
yearn_vault_v3,deposit_limit_module,mixed,solar-size-1,True,True,True,127349,4637790,0xef9d334ee3e15416314a60312ef616e881c3bfffe4b60b11befc2707c79b7d35,0xfbc176a8990549027ac4a20a0d29df919d39049b24e0f8331b1dbc9fc9f03dfb,0xb6a03693bbd48da47d5de2644f3754dbd7d469acf58059028485816732929b72
yearn_vault_v3,deposit_limit_module,mixed,solc-0.8.36-legacy-200,True,True,True,126981,5149881,0xef9d334ee3e15416314a60312ef616e881c3bfffe4b60b11befc2707c79b7d35,0xfbc176a8990549027ac4a20a0d29df919d39049b24e0f8331b1dbc9fc9f03dfb,0xb6a03693bbd48da47d5de2644f3754dbd7d469acf58059028485816732929b72
yearn_vault_v3,deposit_limit_module,mixed,solc-0.8.36-viair-200,True,True,True,127148,5810068,0xef9d334ee3e15416314a60312ef616e881c3bfffe4b60b11befc2707c79b7d35,0xfbc176a8990549027ac4a20a0d29df919d39049b24e0f8331b1dbc9fc9f03dfb,0xb6a03693bbd48da47d5de2644f3754dbd7d469acf58059028485816732929b72
yearn_vault_v3,initialize,cold,solar-gas-200,True,True,True,135858,4554651,0xc5d2460186f7233c927e7db2dcc703c0e500b653ca82273b7bfad8045d85a470,0x539daf418d180e3457b3ca1efd2ed8b1cee1934c9cd1b4594294a2a3e9d782f0,0x0000000000000000000000000000000000000000000000000000000000000000
yearn_vault_v3,initialize,cold,solar-size-1,True,True,True,136776,4637790,0xc5d2460186f7233c927e7db2dcc703c0e500b653ca82273b7bfad8045d85a470,0x539daf418d180e3457b3ca1efd2ed8b1cee1934c9cd1b4594294a2a3e9d782f0,0x0000000000000000000000000000000000000000000000000000000000000000
yearn_vault_v3,initialize,cold,solc-0.8.36-legacy-200,True,True,True,136122,5149881,0xc5d2460186f7233c927e7db2dcc703c0e500b653ca82273b7bfad8045d85a470,0x539daf418d180e3457b3ca1efd2ed8b1cee1934c9cd1b4594294a2a3e9d782f0,0x0000000000000000000000000000000000000000000000000000000000000000
yearn_vault_v3,initialize,cold,solc-0.8.36-viair-200,True,True,True,136330,5810068,0xc5d2460186f7233c927e7db2dcc703c0e500b653ca82273b7bfad8045d85a470,0x539daf418d180e3457b3ca1efd2ed8b1cee1934c9cd1b4594294a2a3e9d782f0,0x0000000000000000000000000000000000000000000000000000000000000000
yearn_vault_v3,max_mint_unlimited,warm,solar-gas-200,True,True,True,1470,4554651,0xa9c584056064687e149968cbab758a3376d22aedc6a55823d1b3ecbee81b8fb9,0x7ab73f9d5cfc36e2e97cf3c2e9eda3ee3cb2ec30fc5b639d0b5742cfad406559,0x0000000000000000000000000000000000000000000000000000000000000000
yearn_vault_v3,max_mint_unlimited,warm,solar-size-1,True,True,True,2930,4637790,0xa9c584056064687e149968cbab758a3376d22aedc6a55823d1b3ecbee81b8fb9,0x7ab73f9d5cfc36e2e97cf3c2e9eda3ee3cb2ec30fc5b639d0b5742cfad406559,0x0000000000000000000000000000000000000000000000000000000000000000
yearn_vault_v3,max_mint_unlimited,warm,solc-0.8.36-legacy-200,True,True,True,1624,5149881,0xa9c584056064687e149968cbab758a3376d22aedc6a55823d1b3ecbee81b8fb9,0x7ab73f9d5cfc36e2e97cf3c2e9eda3ee3cb2ec30fc5b639d0b5742cfad406559,0x0000000000000000000000000000000000000000000000000000000000000000
yearn_vault_v3,max_mint_unlimited,warm,solc-0.8.36-viair-200,True,True,True,2863,5810068,0xa9c584056064687e149968cbab758a3376d22aedc6a55823d1b3ecbee81b8fb9,0x7ab73f9d5cfc36e2e97cf3c2e9eda3ee3cb2ec30fc5b639d0b5742cfad406559,0x0000000000000000000000000000000000000000000000000000000000000000
yearn_vault_v3,max_redeem_default,warm,solar-gas-200,True,True,True,6105,4554651,0x4aea705195ae588d186e9fb2c4576cc7b941dbcd37e01277616003d883125bb7,0x22d7c2cfc99d991e0534df960e9da3417fe4031541692796b50c3797667e28a6,0x0000000000000000000000000000000000000000000000000000000000000000
yearn_vault_v3,max_redeem_default,warm,solar-size-1,True,True,True,7949,4637790,0x4aea705195ae588d186e9fb2c4576cc7b941dbcd37e01277616003d883125bb7,0x22d7c2cfc99d991e0534df960e9da3417fe4031541692796b50c3797667e28a6,0x0000000000000000000000000000000000000000000000000000000000000000
yearn_vault_v3,max_redeem_default,warm,solc-0.8.36-legacy-200,True,True,True,6133,5149881,0x4aea705195ae588d186e9fb2c4576cc7b941dbcd37e01277616003d883125bb7,0x22d7c2cfc99d991e0534df960e9da3417fe4031541692796b50c3797667e28a6,0x0000000000000000000000000000000000000000000000000000000000000000
yearn_vault_v3,max_redeem_default,warm,solc-0.8.36-viair-200,True,True,True,7110,5810068,0x4aea705195ae588d186e9fb2c4576cc7b941dbcd37e01277616003d883125bb7,0x22d7c2cfc99d991e0534df960e9da3417fe4031541692796b50c3797667e28a6,0x0000000000000000000000000000000000000000000000000000000000000000
yearn_vault_v3,max_withdraw_default,warm,solar-gas-200,True,True,True,4741,4554651,0x4aea705195ae588d186e9fb2c4576cc7b941dbcd37e01277616003d883125bb7,0x22d7c2cfc99d991e0534df960e9da3417fe4031541692796b50c3797667e28a6,0x0000000000000000000000000000000000000000000000000000000000000000
yearn_vault_v3,max_withdraw_default,warm,solar-size-1,True,True,True,6538,4637790,0x4aea705195ae588d186e9fb2c4576cc7b941dbcd37e01277616003d883125bb7,0x22d7c2cfc99d991e0534df960e9da3417fe4031541692796b50c3797667e28a6,0x0000000000000000000000000000000000000000000000000000000000000000
yearn_vault_v3,max_withdraw_default,warm,solc-0.8.36-legacy-200,True,True,True,4675,5149881,0x4aea705195ae588d186e9fb2c4576cc7b941dbcd37e01277616003d883125bb7,0x22d7c2cfc99d991e0534df960e9da3417fe4031541692796b50c3797667e28a6,0x0000000000000000000000000000000000000000000000000000000000000000
yearn_vault_v3,max_withdraw_default,warm,solc-0.8.36-viair-200,True,True,True,5927,5810068,0x4aea705195ae588d186e9fb2c4576cc7b941dbcd37e01277616003d883125bb7,0x22d7c2cfc99d991e0534df960e9da3417fe4031541692796b50c3797667e28a6,0x0000000000000000000000000000000000000000000000000000000000000000
yearn_vault_v3,mint,mixed,solar-gas-200,True,True,True,127920,4554651,0xc49a3e64025ccfadf3412478fd11c20906bb1f7751573593f4552fa09e0af5b5,0xd8e747e27201bb1f9bca7cfb986448f1705a13b1adc57112201cb88e1de7bf01,0x9fe62775bab56c19916c33b02176a27c828091c3073591e2ef4c5ff92b3ca42d
yearn_vault_v3,mint,mixed,solar-size-1,True,True,True,129167,4637790,0xc49a3e64025ccfadf3412478fd11c20906bb1f7751573593f4552fa09e0af5b5,0xd8e747e27201bb1f9bca7cfb986448f1705a13b1adc57112201cb88e1de7bf01,0x9fe62775bab56c19916c33b02176a27c828091c3073591e2ef4c5ff92b3ca42d
yearn_vault_v3,mint,mixed,solc-0.8.36-legacy-200,True,True,True,128587,5149881,0xc49a3e64025ccfadf3412478fd11c20906bb1f7751573593f4552fa09e0af5b5,0xd8e747e27201bb1f9bca7cfb986448f1705a13b1adc57112201cb88e1de7bf01,0x9fe62775bab56c19916c33b02176a27c828091c3073591e2ef4c5ff92b3ca42d
yearn_vault_v3,mint,mixed,solc-0.8.36-viair-200,True,True,True,128839,5810068,0xc49a3e64025ccfadf3412478fd11c20906bb1f7751573593f4552fa09e0af5b5,0xd8e747e27201bb1f9bca7cfb986448f1705a13b1adc57112201cb88e1de7bf01,0x9fe62775bab56c19916c33b02176a27c828091c3073591e2ef4c5ff92b3ca42d
yearn_vault_v3,permit_valid,mixed,solar-gas-200,True,True,True,49584,4554651,0xb10e2d527612073b26eecdfd717e6a320cf44b4afac2b0732d9fcbe2b7fa0cf6,0xb6becaaed495a755a949a20480bd4988d1a506bbbb808decbf595572b7d0ecb9,0x5e1cb89db657777330e653a7f4cf3429ac61196ef08fed0a19b8a42b7d1bc3e5
yearn_vault_v3,permit_valid,mixed,solar-size-1,True,True,True,51218,4637790,0xb10e2d527612073b26eecdfd717e6a320cf44b4afac2b0732d9fcbe2b7fa0cf6,0xb6becaaed495a755a949a20480bd4988d1a506bbbb808decbf595572b7d0ecb9,0x5e1cb89db657777330e653a7f4cf3429ac61196ef08fed0a19b8a42b7d1bc3e5
yearn_vault_v3,permit_valid,mixed,solc-0.8.36-legacy-200,True,True,True,50222,5149881,0xb10e2d527612073b26eecdfd717e6a320cf44b4afac2b0732d9fcbe2b7fa0cf6,0xb6becaaed495a755a949a20480bd4988d1a506bbbb808decbf595572b7d0ecb9,0x5e1cb89db657777330e653a7f4cf3429ac61196ef08fed0a19b8a42b7d1bc3e5
yearn_vault_v3,permit_valid,mixed,solc-0.8.36-viair-200,True,True,True,51376,5810068,0xb10e2d527612073b26eecdfd717e6a320cf44b4afac2b0732d9fcbe2b7fa0cf6,0xb6becaaed495a755a949a20480bd4988d1a506bbbb808decbf595572b7d0ecb9,0x5e1cb89db657777330e653a7f4cf3429ac61196ef08fed0a19b8a42b7d1bc3e5
yearn_vault_v3,profit_unlock_after_time,mixed,solar-gas-200,True,True,True,3802,4554651,0x37e647b36bdf372e44062c2d137aea8c1904196f54b7690238f64e9568a27ae7,0x799064e0a46653139c3ce54bb17b17b046077a6661981b15086d00ee656eac52,0x0000000000000000000000000000000000000000000000000000000000000000
yearn_vault_v3,profit_unlock_after_time,mixed,solar-size-1,True,True,True,4889,4637790,0x37e647b36bdf372e44062c2d137aea8c1904196f54b7690238f64e9568a27ae7,0x799064e0a46653139c3ce54bb17b17b046077a6661981b15086d00ee656eac52,0x0000000000000000000000000000000000000000000000000000000000000000
yearn_vault_v3,profit_unlock_after_time,mixed,solc-0.8.36-legacy-200,True,True,True,2862,5149881,0x37e647b36bdf372e44062c2d137aea8c1904196f54b7690238f64e9568a27ae7,0x799064e0a46653139c3ce54bb17b17b046077a6661981b15086d00ee656eac52,0x0000000000000000000000000000000000000000000000000000000000000000
yearn_vault_v3,profit_unlock_after_time,mixed,solc-0.8.36-viair-200,True,True,True,3309,5810068,0x37e647b36bdf372e44062c2d137aea8c1904196f54b7690238f64e9568a27ae7,0x799064e0a46653139c3ce54bb17b17b046077a6661981b15086d00ee656eac52,0x0000000000000000000000000000000000000000000000000000000000000000
yearn_vault_v3,redeem_idle,mixed,solar-gas-200,True,True,True,15155,4554651,0x3e36754e793c97a169c03e739774fb60ca849223a1ec044047a649e4cc9ff569,0x260fabee685c88f116123eab485f4877542c47a92145cae66143478fdb23549e,0x44b3dc932719694042ce32905741f353a3fe4cc93df85d5a9bfe7ecb188554e7
yearn_vault_v3,redeem_idle,mixed,solar-size-1,True,True,True,16615,4637790,0x3e36754e793c97a169c03e739774fb60ca849223a1ec044047a649e4cc9ff569,0x260fabee685c88f116123eab485f4877542c47a92145cae66143478fdb23549e,0x44b3dc932719694042ce32905741f353a3fe4cc93df85d5a9bfe7ecb188554e7
yearn_vault_v3,redeem_idle,mixed,solc-0.8.36-legacy-200,True,True,True,15661,5149881,0x3e36754e793c97a169c03e739774fb60ca849223a1ec044047a649e4cc9ff569,0x260fabee685c88f116123eab485f4877542c47a92145cae66143478fdb23549e,0x44b3dc932719694042ce32905741f353a3fe4cc93df85d5a9bfe7ecb188554e7
yearn_vault_v3,redeem_idle,mixed,solc-0.8.36-viair-200,True,True,True,16345,5810068,0x3e36754e793c97a169c03e739774fb60ca849223a1ec044047a649e4cc9ff569,0x260fabee685c88f116123eab485f4877542c47a92145cae66143478fdb23549e,0x44b3dc932719694042ce32905741f353a3fe4cc93df85d5a9bfe7ecb188554e7
yearn_vault_v3,revoke_strategy_preserves_queue_order,warm,solar-gas-200,True,True,True,6409,4554651,0xc5d2460186f7233c927e7db2dcc703c0e500b653ca82273b7bfad8045d85a470,0x008b88fcd2c1b6c68bb82e77690dd98554526f7ff886fbb07374129b66c294ea,0xf3118cb3fcfd2912cad6384ea0c2c7ddc595988e459c0ff639e843f73a592505
yearn_vault_v3,revoke_strategy_preserves_queue_order,warm,solar-size-1,True,True,True,7217,4637790,0xc5d2460186f7233c927e7db2dcc703c0e500b653ca82273b7bfad8045d85a470,0x008b88fcd2c1b6c68bb82e77690dd98554526f7ff886fbb07374129b66c294ea,0xf3118cb3fcfd2912cad6384ea0c2c7ddc595988e459c0ff639e843f73a592505
yearn_vault_v3,revoke_strategy_preserves_queue_order,warm,solc-0.8.36-legacy-200,True,True,True,6757,5149881,0xc5d2460186f7233c927e7db2dcc703c0e500b653ca82273b7bfad8045d85a470,0x008b88fcd2c1b6c68bb82e77690dd98554526f7ff886fbb07374129b66c294ea,0xf3118cb3fcfd2912cad6384ea0c2c7ddc595988e459c0ff639e843f73a592505
yearn_vault_v3,revoke_strategy_preserves_queue_order,warm,solc-0.8.36-viair-200,True,True,True,7305,5810068,0xc5d2460186f7233c927e7db2dcc703c0e500b653ca82273b7bfad8045d85a470,0x008b88fcd2c1b6c68bb82e77690dd98554526f7ff886fbb07374129b66c294ea,0xf3118cb3fcfd2912cad6384ea0c2c7ddc595988e459c0ff639e843f73a592505
yearn_vault_v3,role_manager_transfer_accept,warm,solar-gas-200,True,True,True,2979,4554651,0xc5d2460186f7233c927e7db2dcc703c0e500b653ca82273b7bfad8045d85a470,0x861dedef42ea6ed2ee6782ad03c41b76ceb095df8a85c6116b87a1c0ca5fbf8f,0xf42d01bd9896709f662548119fb57627c76f250317ef016d1cd5faecf408f309
yearn_vault_v3,role_manager_transfer_accept,warm,solar-size-1,True,True,True,4629,4637790,0xc5d2460186f7233c927e7db2dcc703c0e500b653ca82273b7bfad8045d85a470,0x861dedef42ea6ed2ee6782ad03c41b76ceb095df8a85c6116b87a1c0ca5fbf8f,0xf42d01bd9896709f662548119fb57627c76f250317ef016d1cd5faecf408f309
yearn_vault_v3,role_manager_transfer_accept,warm,solc-0.8.36-legacy-200,True,True,True,3014,5149881,0xc5d2460186f7233c927e7db2dcc703c0e500b653ca82273b7bfad8045d85a470,0x861dedef42ea6ed2ee6782ad03c41b76ceb095df8a85c6116b87a1c0ca5fbf8f,0xf42d01bd9896709f662548119fb57627c76f250317ef016d1cd5faecf408f309
yearn_vault_v3,role_manager_transfer_accept,warm,solc-0.8.36-viair-200,True,True,True,4693,5810068,0xc5d2460186f7233c927e7db2dcc703c0e500b653ca82273b7bfad8045d85a470,0x861dedef42ea6ed2ee6782ad03c41b76ceb095df8a85c6116b87a1c0ca5fbf8f,0xf42d01bd9896709f662548119fb57627c76f250317ef016d1cd5faecf408f309
yearn_vault_v3,set_accountant,warm,solar-gas-200,True,True,True,24245,4554651,0xc5d2460186f7233c927e7db2dcc703c0e500b653ca82273b7bfad8045d85a470,0xcff549336fa3b0aaa201992087d73cb725156777fe2f4bf69592fb1c5694b7e9,0x52675d44c64d384af8bd641f68b857ce30703f95be0e21c12bf5018f3b9f576e
yearn_vault_v3,set_accountant,warm,solar-size-1,True,True,True,24946,4637790,0xc5d2460186f7233c927e7db2dcc703c0e500b653ca82273b7bfad8045d85a470,0xcff549336fa3b0aaa201992087d73cb725156777fe2f4bf69592fb1c5694b7e9,0x52675d44c64d384af8bd641f68b857ce30703f95be0e21c12bf5018f3b9f576e
yearn_vault_v3,set_accountant,warm,solc-0.8.36-legacy-200,True,True,True,24438,5149881,0xc5d2460186f7233c927e7db2dcc703c0e500b653ca82273b7bfad8045d85a470,0xcff549336fa3b0aaa201992087d73cb725156777fe2f4bf69592fb1c5694b7e9,0x52675d44c64d384af8bd641f68b857ce30703f95be0e21c12bf5018f3b9f576e
yearn_vault_v3,set_accountant,warm,solc-0.8.36-viair-200,True,True,True,24956,5810068,0xc5d2460186f7233c927e7db2dcc703c0e500b653ca82273b7bfad8045d85a470,0xcff549336fa3b0aaa201992087d73cb725156777fe2f4bf69592fb1c5694b7e9,0x52675d44c64d384af8bd641f68b857ce30703f95be0e21c12bf5018f3b9f576e
yearn_vault_v3,set_auto_allocate,warm,solar-gas-200,True,True,True,24043,4554651,0xc5d2460186f7233c927e7db2dcc703c0e500b653ca82273b7bfad8045d85a470,0xc3bc81182c78fabb8856cc1bf81b98c811abb315a01dc45def4180b2d1eb6b93,0xe76f0a36494136ec507a8cf11792971edf6791e538393fc538b202fa36d1eb3e
yearn_vault_v3,set_auto_allocate,warm,solar-size-1,True,True,True,24744,4637790,0xc5d2460186f7233c927e7db2dcc703c0e500b653ca82273b7bfad8045d85a470,0xc3bc81182c78fabb8856cc1bf81b98c811abb315a01dc45def4180b2d1eb6b93,0xe76f0a36494136ec507a8cf11792971edf6791e538393fc538b202fa36d1eb3e
yearn_vault_v3,set_auto_allocate,warm,solc-0.8.36-legacy-200,True,True,True,24263,5149881,0xc5d2460186f7233c927e7db2dcc703c0e500b653ca82273b7bfad8045d85a470,0xc3bc81182c78fabb8856cc1bf81b98c811abb315a01dc45def4180b2d1eb6b93,0xe76f0a36494136ec507a8cf11792971edf6791e538393fc538b202fa36d1eb3e
yearn_vault_v3,set_auto_allocate,warm,solc-0.8.36-viair-200,True,True,True,24745,5810068,0xc5d2460186f7233c927e7db2dcc703c0e500b653ca82273b7bfad8045d85a470,0xc3bc81182c78fabb8856cc1bf81b98c811abb315a01dc45def4180b2d1eb6b93,0xe76f0a36494136ec507a8cf11792971edf6791e538393fc538b202fa36d1eb3e
yearn_vault_v3,set_default_queue,warm,solar-gas-200,True,True,True,5826,4554651,0xc5d2460186f7233c927e7db2dcc703c0e500b653ca82273b7bfad8045d85a470,0x8c6fb74c49e970553e0494e388632998ff2e8580f47cc82561f746fcd02c51df,0xcf39419dd054516e4dc71d5f6077e6ff56dd024bfb9c7e840696785bbba9025d
yearn_vault_v3,set_default_queue,warm,solar-size-1,True,True,True,6121,4637790,0xc5d2460186f7233c927e7db2dcc703c0e500b653ca82273b7bfad8045d85a470,0x8c6fb74c49e970553e0494e388632998ff2e8580f47cc82561f746fcd02c51df,0xcf39419dd054516e4dc71d5f6077e6ff56dd024bfb9c7e840696785bbba9025d
yearn_vault_v3,set_default_queue,warm,solc-0.8.36-legacy-200,True,True,True,5512,5149881,0xc5d2460186f7233c927e7db2dcc703c0e500b653ca82273b7bfad8045d85a470,0x8c6fb74c49e970553e0494e388632998ff2e8580f47cc82561f746fcd02c51df,0xcf39419dd054516e4dc71d5f6077e6ff56dd024bfb9c7e840696785bbba9025d
yearn_vault_v3,set_default_queue,warm,solc-0.8.36-viair-200,True,True,True,5132,5810068,0xc5d2460186f7233c927e7db2dcc703c0e500b653ca82273b7bfad8045d85a470,0x8c6fb74c49e970553e0494e388632998ff2e8580f47cc82561f746fcd02c51df,0xcf39419dd054516e4dc71d5f6077e6ff56dd024bfb9c7e840696785bbba9025d
yearn_vault_v3,set_deposit_limit_default,warm,solar-gas-200,True,True,True,2394,4554651,0xc5d2460186f7233c927e7db2dcc703c0e500b653ca82273b7bfad8045d85a470,0xd9ad2c27a1a7d4866b91e3a9d261ac25e5758821a149601849b36e2e0b5af747,0xafc0df0ea26310ed2ff8590e0f1df39f2a7f9f8482638f3c3bfbe25afc12dbbf
yearn_vault_v3,set_deposit_limit_default,warm,solar-size-1,True,True,True,3110,4637790,0xc5d2460186f7233c927e7db2dcc703c0e500b653ca82273b7bfad8045d85a470,0xd9ad2c27a1a7d4866b91e3a9d261ac25e5758821a149601849b36e2e0b5af747,0xafc0df0ea26310ed2ff8590e0f1df39f2a7f9f8482638f3c3bfbe25afc12dbbf
yearn_vault_v3,set_deposit_limit_default,warm,solc-0.8.36-legacy-200,True,True,True,2509,5149881,0xc5d2460186f7233c927e7db2dcc703c0e500b653ca82273b7bfad8045d85a470,0xd9ad2c27a1a7d4866b91e3a9d261ac25e5758821a149601849b36e2e0b5af747,0xafc0df0ea26310ed2ff8590e0f1df39f2a7f9f8482638f3c3bfbe25afc12dbbf
yearn_vault_v3,set_deposit_limit_default,warm,solc-0.8.36-viair-200,True,True,True,3003,5810068,0xc5d2460186f7233c927e7db2dcc703c0e500b653ca82273b7bfad8045d85a470,0xd9ad2c27a1a7d4866b91e3a9d261ac25e5758821a149601849b36e2e0b5af747,0xafc0df0ea26310ed2ff8590e0f1df39f2a7f9f8482638f3c3bfbe25afc12dbbf
yearn_vault_v3,set_metadata,warm,solar-gas-200,True,True,True,2042,4554651,0xc5d2460186f7233c927e7db2dcc703c0e500b653ca82273b7bfad8045d85a470,0xda3ef38139db5930004c50c0b41fa0ab4cefd04d3ef64bef5d78b28428bce665,0x0000000000000000000000000000000000000000000000000000000000000000
yearn_vault_v3,set_metadata,warm,solar-size-1,True,True,True,3136,4637790,0xc5d2460186f7233c927e7db2dcc703c0e500b653ca82273b7bfad8045d85a470,0xda3ef38139db5930004c50c0b41fa0ab4cefd04d3ef64bef5d78b28428bce665,0x0000000000000000000000000000000000000000000000000000000000000000
yearn_vault_v3,set_metadata,warm,solc-0.8.36-legacy-200,True,True,True,1647,5149881,0xc5d2460186f7233c927e7db2dcc703c0e500b653ca82273b7bfad8045d85a470,0xda3ef38139db5930004c50c0b41fa0ab4cefd04d3ef64bef5d78b28428bce665,0x0000000000000000000000000000000000000000000000000000000000000000
yearn_vault_v3,set_metadata,warm,solc-0.8.36-viair-200,True,True,True,2759,5810068,0xc5d2460186f7233c927e7db2dcc703c0e500b653ca82273b7bfad8045d85a470,0xda3ef38139db5930004c50c0b41fa0ab4cefd04d3ef64bef5d78b28428bce665,0x0000000000000000000000000000000000000000000000000000000000000000
yearn_vault_v3,set_minimum_total_idle,warm,solar-gas-200,True,True,True,24387,4554651,0xc5d2460186f7233c927e7db2dcc703c0e500b653ca82273b7bfad8045d85a470,0x19739d8db578026adead3498bf40335064a22788c2031dcefdbceb1d455c3341,0xca0719956fc8672e43a162310d44cb351590c575b7ae4fc53e2e1cecc765fd05
yearn_vault_v3,set_minimum_total_idle,warm,solar-size-1,True,True,True,25374,4637790,0xc5d2460186f7233c927e7db2dcc703c0e500b653ca82273b7bfad8045d85a470,0x19739d8db578026adead3498bf40335064a22788c2031dcefdbceb1d455c3341,0xca0719956fc8672e43a162310d44cb351590c575b7ae4fc53e2e1cecc765fd05
yearn_vault_v3,set_minimum_total_idle,warm,solc-0.8.36-legacy-200,True,True,True,24235,5149881,0xc5d2460186f7233c927e7db2dcc703c0e500b653ca82273b7bfad8045d85a470,0x19739d8db578026adead3498bf40335064a22788c2031dcefdbceb1d455c3341,0xca0719956fc8672e43a162310d44cb351590c575b7ae4fc53e2e1cecc765fd05
yearn_vault_v3,set_minimum_total_idle,warm,solc-0.8.36-viair-200,True,True,True,25345,5810068,0xc5d2460186f7233c927e7db2dcc703c0e500b653ca82273b7bfad8045d85a470,0x19739d8db578026adead3498bf40335064a22788c2031dcefdbceb1d455c3341,0xca0719956fc8672e43a162310d44cb351590c575b7ae4fc53e2e1cecc765fd05
yearn_vault_v3,set_profit_max_unlock_time,warm,solar-gas-200,True,True,True,2035,4554651,0xc5d2460186f7233c927e7db2dcc703c0e500b653ca82273b7bfad8045d85a470,0x7eb57081aa039585bd27d521508c338851810bbb0c8a51c7d343ea4b2abfab41,0x51a326dd69feeb7b8c2590422e59073f90eb6898dbbe70ae52824220dc1780c2
yearn_vault_v3,set_profit_max_unlock_time,warm,solar-size-1,True,True,True,3685,4637790,0xc5d2460186f7233c927e7db2dcc703c0e500b653ca82273b7bfad8045d85a470,0x7eb57081aa039585bd27d521508c338851810bbb0c8a51c7d343ea4b2abfab41,0x51a326dd69feeb7b8c2590422e59073f90eb6898dbbe70ae52824220dc1780c2
yearn_vault_v3,set_profit_max_unlock_time,warm,solc-0.8.36-legacy-200,True,True,True,2217,5149881,0xc5d2460186f7233c927e7db2dcc703c0e500b653ca82273b7bfad8045d85a470,0x7eb57081aa039585bd27d521508c338851810bbb0c8a51c7d343ea4b2abfab41,0x51a326dd69feeb7b8c2590422e59073f90eb6898dbbe70ae52824220dc1780c2
yearn_vault_v3,set_profit_max_unlock_time,warm,solc-0.8.36-viair-200,True,True,True,3725,5810068,0xc5d2460186f7233c927e7db2dcc703c0e500b653ca82273b7bfad8045d85a470,0x7eb57081aa039585bd27d521508c338851810bbb0c8a51c7d343ea4b2abfab41,0x51a326dd69feeb7b8c2590422e59073f90eb6898dbbe70ae52824220dc1780c2
yearn_vault_v3,shutdown_vault,warm,solar-gas-200,True,True,True,26568,4554651,0xc5d2460186f7233c927e7db2dcc703c0e500b653ca82273b7bfad8045d85a470,0xd26d6d28ee5b9bb6a66409988fe3e7725adb2e9ae0e1b94e94ad4a46e88743e0,0xe220258a8cd75584243c0b7320d73385625f946ebf378c9de1183dbe282ab002
yearn_vault_v3,shutdown_vault,warm,solar-size-1,True,True,True,26562,4637790,0xc5d2460186f7233c927e7db2dcc703c0e500b653ca82273b7bfad8045d85a470,0xd26d6d28ee5b9bb6a66409988fe3e7725adb2e9ae0e1b94e94ad4a46e88743e0,0xe220258a8cd75584243c0b7320d73385625f946ebf378c9de1183dbe282ab002
yearn_vault_v3,shutdown_vault,warm,solc-0.8.36-legacy-200,True,True,True,26530,5149881,0xc5d2460186f7233c927e7db2dcc703c0e500b653ca82273b7bfad8045d85a470,0xd26d6d28ee5b9bb6a66409988fe3e7725adb2e9ae0e1b94e94ad4a46e88743e0,0xe220258a8cd75584243c0b7320d73385625f946ebf378c9de1183dbe282ab002
yearn_vault_v3,shutdown_vault,warm,solc-0.8.36-viair-200,True,True,True,26580,5810068,0xc5d2460186f7233c927e7db2dcc703c0e500b653ca82273b7bfad8045d85a470,0xd26d6d28ee5b9bb6a66409988fe3e7725adb2e9ae0e1b94e94ad4a46e88743e0,0xe220258a8cd75584243c0b7320d73385625f946ebf378c9de1183dbe282ab002
yearn_vault_v3,strategy_loss_report,mixed,solar-gas-200,True,True,True,18994,4554651,0x73f16065f812636e12386118f35081da3ed4aa1f5769f0b3e3c10359655d7802,0x8ba12ce1734827ad4dde8c0a043e82ba5ab385b0b80ea59d98430e8c33192844,0xd594b2312a8200658c8b43d2c34b4db52244f8c44c506d4b708b0db205f901e5
yearn_vault_v3,strategy_loss_report,mixed,solar-size-1,True,True,True,20206,4637790,0x73f16065f812636e12386118f35081da3ed4aa1f5769f0b3e3c10359655d7802,0x8ba12ce1734827ad4dde8c0a043e82ba5ab385b0b80ea59d98430e8c33192844,0xd594b2312a8200658c8b43d2c34b4db52244f8c44c506d4b708b0db205f901e5
yearn_vault_v3,strategy_loss_report,mixed,solc-0.8.36-legacy-200,True,True,True,20700,5149881,0x73f16065f812636e12386118f35081da3ed4aa1f5769f0b3e3c10359655d7802,0x8ba12ce1734827ad4dde8c0a043e82ba5ab385b0b80ea59d98430e8c33192844,0xd594b2312a8200658c8b43d2c34b4db52244f8c44c506d4b708b0db205f901e5
yearn_vault_v3,strategy_loss_report,mixed,solc-0.8.36-viair-200,True,True,True,20315,5810068,0x73f16065f812636e12386118f35081da3ed4aa1f5769f0b3e3c10359655d7802,0x8ba12ce1734827ad4dde8c0a043e82ba5ab385b0b80ea59d98430e8c33192844,0xd594b2312a8200658c8b43d2c34b4db52244f8c44c506d4b708b0db205f901e5
yearn_vault_v3,strategy_loss_withdraw,mixed,solar-gas-200,True,True,True,38649,4554651,0x88a9da583e9541fa7f2ba5d527b9f9c4bebf0ec1555c59db4a6f7dda122c8836,0xfa9ecf40d8a2ed1d43f9a6e148564144b597a938e66f232b57b0b09f14cd9b73,0xafaf541ba342613e28a04ad538cbfda3d2194a8965f3134c5ec0db564b68acd5
yearn_vault_v3,strategy_loss_withdraw,mixed,solar-size-1,True,True,True,40563,4637790,0x88a9da583e9541fa7f2ba5d527b9f9c4bebf0ec1555c59db4a6f7dda122c8836,0xfa9ecf40d8a2ed1d43f9a6e148564144b597a938e66f232b57b0b09f14cd9b73,0xafaf541ba342613e28a04ad538cbfda3d2194a8965f3134c5ec0db564b68acd5
yearn_vault_v3,strategy_loss_withdraw,mixed,solc-0.8.36-legacy-200,True,True,True,40491,5149881,0x88a9da583e9541fa7f2ba5d527b9f9c4bebf0ec1555c59db4a6f7dda122c8836,0xfa9ecf40d8a2ed1d43f9a6e148564144b597a938e66f232b57b0b09f14cd9b73,0xafaf541ba342613e28a04ad538cbfda3d2194a8965f3134c5ec0db564b68acd5
yearn_vault_v3,strategy_loss_withdraw,mixed,solc-0.8.36-viair-200,True,True,True,41510,5810068,0x88a9da583e9541fa7f2ba5d527b9f9c4bebf0ec1555c59db4a6f7dda122c8836,0xfa9ecf40d8a2ed1d43f9a6e148564144b597a938e66f232b57b0b09f14cd9b73,0xafaf541ba342613e28a04ad538cbfda3d2194a8965f3134c5ec0db564b68acd5
yearn_vault_v3,strategy_profit_report,mixed,solar-gas-200,True,True,True,102920,4554651,0x4979b817b613efbe28957a97e013e087b7f3a1868f320b52c036e746498d9577,0x058001097c7774684fa472417072d2a07c797b99d21ec85135fc7706b5cdcfaa,0xc04b257d76385ed51aae59c0f77266f76948ad1507216b45779aadb27aa0dd8e
yearn_vault_v3,strategy_profit_report,mixed,solar-size-1,True,True,True,104036,4637790,0x4979b817b613efbe28957a97e013e087b7f3a1868f320b52c036e746498d9577,0x058001097c7774684fa472417072d2a07c797b99d21ec85135fc7706b5cdcfaa,0xc04b257d76385ed51aae59c0f77266f76948ad1507216b45779aadb27aa0dd8e
yearn_vault_v3,strategy_profit_report,mixed,solc-0.8.36-legacy-200,True,True,True,104935,5149881,0x4979b817b613efbe28957a97e013e087b7f3a1868f320b52c036e746498d9577,0x058001097c7774684fa472417072d2a07c797b99d21ec85135fc7706b5cdcfaa,0xc04b257d76385ed51aae59c0f77266f76948ad1507216b45779aadb27aa0dd8e
yearn_vault_v3,strategy_profit_report,mixed,solc-0.8.36-viair-200,True,True,True,104337,5810068,0x4979b817b613efbe28957a97e013e087b7f3a1868f320b52c036e746498d9577,0x058001097c7774684fa472417072d2a07c797b99d21ec85135fc7706b5cdcfaa,0xc04b257d76385ed51aae59c0f77266f76948ad1507216b45779aadb27aa0dd8e
yearn_vault_v3,strategy_report_with_accountant,mixed,solar-gas-200,True,True,True,163140,4554651,0x4979b817b613efbe28957a97e013e087b7f3a1868f320b52c036e746498d9577,0x39e3829ce1cd301aae6c40c90813f734cd246bf70e0921e3686dacfeaae48ed3,0x6ef0fce061cd6d756d0b6e25faa1387470a1f5f4726b30530bf3827a92007126
yearn_vault_v3,strategy_report_with_accountant,mixed,solar-size-1,True,True,True,164428,4637790,0x4979b817b613efbe28957a97e013e087b7f3a1868f320b52c036e746498d9577,0x39e3829ce1cd301aae6c40c90813f734cd246bf70e0921e3686dacfeaae48ed3,0x6ef0fce061cd6d756d0b6e25faa1387470a1f5f4726b30530bf3827a92007126
yearn_vault_v3,strategy_report_with_accountant,mixed,solc-0.8.36-legacy-200,True,True,True,166448,5149881,0x4979b817b613efbe28957a97e013e087b7f3a1868f320b52c036e746498d9577,0x39e3829ce1cd301aae6c40c90813f734cd246bf70e0921e3686dacfeaae48ed3,0x6ef0fce061cd6d756d0b6e25faa1387470a1f5f4726b30530bf3827a92007126
yearn_vault_v3,strategy_report_with_accountant,mixed,solc-0.8.36-viair-200,True,True,True,165228,5810068,0x4979b817b613efbe28957a97e013e087b7f3a1868f320b52c036e746498d9577,0x39e3829ce1cd301aae6c40c90813f734cd246bf70e0921e3686dacfeaae48ed3,0x6ef0fce061cd6d756d0b6e25faa1387470a1f5f4726b30530bf3827a92007126
yearn_vault_v3,strategy_zero_report,mixed,solar-gas-200,True,True,True,14546,4554651,0xad3228b676f7d3cd4284a5443f17f1962b36e491b30a40b2405849e597ba5fb5,0x95070b1a2ad4f1b06ccde8044672f34c4642aa5c5ab035d227fcf973ac703669,0x994714c5e0bfc6049080a0ce1fd4b5f59fd19e2517c3417df61802368561ade1
yearn_vault_v3,strategy_zero_report,mixed,solar-size-1,True,True,True,15634,4637790,0xad3228b676f7d3cd4284a5443f17f1962b36e491b30a40b2405849e597ba5fb5,0x95070b1a2ad4f1b06ccde8044672f34c4642aa5c5ab035d227fcf973ac703669,0x994714c5e0bfc6049080a0ce1fd4b5f59fd19e2517c3417df61802368561ade1
yearn_vault_v3,strategy_zero_report,mixed,solc-0.8.36-legacy-200,True,True,True,15768,5149881,0xad3228b676f7d3cd4284a5443f17f1962b36e491b30a40b2405849e597ba5fb5,0x95070b1a2ad4f1b06ccde8044672f34c4642aa5c5ab035d227fcf973ac703669,0x994714c5e0bfc6049080a0ce1fd4b5f59fd19e2517c3417df61802368561ade1
yearn_vault_v3,strategy_zero_report,mixed,solc-0.8.36-viair-200,True,True,True,15858,5810068,0xad3228b676f7d3cd4284a5443f17f1962b36e491b30a40b2405849e597ba5fb5,0x95070b1a2ad4f1b06ccde8044672f34c4642aa5c5ab035d227fcf973ac703669,0x994714c5e0bfc6049080a0ce1fd4b5f59fd19e2517c3417df61802368561ade1
yearn_vault_v3,transfer,mixed,solar-gas-200,True,True,True,25600,4554651,0xb10e2d527612073b26eecdfd717e6a320cf44b4afac2b0732d9fcbe2b7fa0cf6,0xf15d0e06a957669b581207f309949957ce1d6d82cf677d034e8dceb853439784,0x559bc419f4506540d39f6393cb9df1a2f31084da9f7986ffbe54d56866925fb3
yearn_vault_v3,transfer,mixed,solar-size-1,True,True,True,26797,4637790,0xb10e2d527612073b26eecdfd717e6a320cf44b4afac2b0732d9fcbe2b7fa0cf6,0xf15d0e06a957669b581207f309949957ce1d6d82cf677d034e8dceb853439784,0x559bc419f4506540d39f6393cb9df1a2f31084da9f7986ffbe54d56866925fb3
yearn_vault_v3,transfer,mixed,solc-0.8.36-legacy-200,True,True,True,25866,5149881,0xb10e2d527612073b26eecdfd717e6a320cf44b4afac2b0732d9fcbe2b7fa0cf6,0xf15d0e06a957669b581207f309949957ce1d6d82cf677d034e8dceb853439784,0x559bc419f4506540d39f6393cb9df1a2f31084da9f7986ffbe54d56866925fb3
yearn_vault_v3,transfer,mixed,solc-0.8.36-viair-200,True,True,True,26736,5810068,0xb10e2d527612073b26eecdfd717e6a320cf44b4afac2b0732d9fcbe2b7fa0cf6,0xf15d0e06a957669b581207f309949957ce1d6d82cf677d034e8dceb853439784,0x559bc419f4506540d39f6393cb9df1a2f31084da9f7986ffbe54d56866925fb3
yearn_vault_v3,transfer_from,mixed,solar-gas-200,True,True,True,28747,4554651,0xb10e2d527612073b26eecdfd717e6a320cf44b4afac2b0732d9fcbe2b7fa0cf6,0xed17bbd19cfec7aa0eda1bf4f61ab581055ffdf5103e9b440c11dd65808d893f,0xd730f6adc96c51db60b9d03b9f1d22ae78f5dad9f7f114159f427cf78ef75883
yearn_vault_v3,transfer_from,mixed,solar-size-1,True,True,True,28967,4637790,0xb10e2d527612073b26eecdfd717e6a320cf44b4afac2b0732d9fcbe2b7fa0cf6,0xed17bbd19cfec7aa0eda1bf4f61ab581055ffdf5103e9b440c11dd65808d893f,0xd730f6adc96c51db60b9d03b9f1d22ae78f5dad9f7f114159f427cf78ef75883
yearn_vault_v3,transfer_from,mixed,solc-0.8.36-legacy-200,True,True,True,29239,5149881,0xb10e2d527612073b26eecdfd717e6a320cf44b4afac2b0732d9fcbe2b7fa0cf6,0xed17bbd19cfec7aa0eda1bf4f61ab581055ffdf5103e9b440c11dd65808d893f,0xd730f6adc96c51db60b9d03b9f1d22ae78f5dad9f7f114159f427cf78ef75883
yearn_vault_v3,transfer_from,mixed,solc-0.8.36-viair-200,True,True,True,28941,5810068,0xb10e2d527612073b26eecdfd717e6a320cf44b4afac2b0732d9fcbe2b7fa0cf6,0xed17bbd19cfec7aa0eda1bf4f61ab581055ffdf5103e9b440c11dd65808d893f,0xd730f6adc96c51db60b9d03b9f1d22ae78f5dad9f7f114159f427cf78ef75883
yearn_vault_v3,transfer_from_infinite_allowance,mixed,solar-gas-200,True,True,True,26571,4554651,0xb10e2d527612073b26eecdfd717e6a320cf44b4afac2b0732d9fcbe2b7fa0cf6,0xd0f49b29e96edc195d8bedf0984b48b308c633d2c7a4265d4e121910b5e61836,0x559bc419f4506540d39f6393cb9df1a2f31084da9f7986ffbe54d56866925fb3
yearn_vault_v3,transfer_from_infinite_allowance,mixed,solar-size-1,True,True,True,26770,4637790,0xb10e2d527612073b26eecdfd717e6a320cf44b4afac2b0732d9fcbe2b7fa0cf6,0xd0f49b29e96edc195d8bedf0984b48b308c633d2c7a4265d4e121910b5e61836,0x559bc419f4506540d39f6393cb9df1a2f31084da9f7986ffbe54d56866925fb3
yearn_vault_v3,transfer_from_infinite_allowance,mixed,solc-0.8.36-legacy-200,True,True,True,27000,5149881,0xb10e2d527612073b26eecdfd717e6a320cf44b4afac2b0732d9fcbe2b7fa0cf6,0xd0f49b29e96edc195d8bedf0984b48b308c633d2c7a4265d4e121910b5e61836,0x559bc419f4506540d39f6393cb9df1a2f31084da9f7986ffbe54d56866925fb3
yearn_vault_v3,transfer_from_infinite_allowance,mixed,solc-0.8.36-viair-200,True,True,True,26723,5810068,0xb10e2d527612073b26eecdfd717e6a320cf44b4afac2b0732d9fcbe2b7fa0cf6,0xd0f49b29e96edc195d8bedf0984b48b308c633d2c7a4265d4e121910b5e61836,0x559bc419f4506540d39f6393cb9df1a2f31084da9f7986ffbe54d56866925fb3
yearn_vault_v3,update_debt_decrease,mixed,solar-gas-200,True,True,True,24484,4554651,0xcaf46e2914bdf91c7d655f4d325575468e5bdb176bfa973c856cda91c5cdda52,0x8a00c8f9443d67776ce07a9434a3f233ee3fc3a2502e60029dbfcdfd60cf78dc,0xb5f50d55b62c2d34ee54be6d4f905601dad5768ce2788e6826c43908073c87e0
yearn_vault_v3,update_debt_decrease,mixed,solar-size-1,True,True,True,26072,4637790,0xcaf46e2914bdf91c7d655f4d325575468e5bdb176bfa973c856cda91c5cdda52,0x8a00c8f9443d67776ce07a9434a3f233ee3fc3a2502e60029dbfcdfd60cf78dc,0xb5f50d55b62c2d34ee54be6d4f905601dad5768ce2788e6826c43908073c87e0
yearn_vault_v3,update_debt_decrease,mixed,solc-0.8.36-legacy-200,True,True,True,25218,5149881,0xcaf46e2914bdf91c7d655f4d325575468e5bdb176bfa973c856cda91c5cdda52,0x8a00c8f9443d67776ce07a9434a3f233ee3fc3a2502e60029dbfcdfd60cf78dc,0xb5f50d55b62c2d34ee54be6d4f905601dad5768ce2788e6826c43908073c87e0
yearn_vault_v3,update_debt_decrease,mixed,solc-0.8.36-viair-200,True,True,True,26382,5810068,0xcaf46e2914bdf91c7d655f4d325575468e5bdb176bfa973c856cda91c5cdda52,0x8a00c8f9443d67776ce07a9434a3f233ee3fc3a2502e60029dbfcdfd60cf78dc,0xb5f50d55b62c2d34ee54be6d4f905601dad5768ce2788e6826c43908073c87e0
yearn_vault_v3,update_debt_increase,mixed,solar-gas-200,True,True,True,151090,4554651,0x4aea705195ae588d186e9fb2c4576cc7b941dbcd37e01277616003d883125bb7,0x95070b1a2ad4f1b06ccde8044672f34c4642aa5c5ab035d227fcf973ac703669,0xc5fe0acb18a5a067aea1eb69f3aa37272a6120fb3fed0b96dce4ddcb6546ff82
yearn_vault_v3,update_debt_increase,mixed,solar-size-1,True,True,True,152616,4637790,0x4aea705195ae588d186e9fb2c4576cc7b941dbcd37e01277616003d883125bb7,0x95070b1a2ad4f1b06ccde8044672f34c4642aa5c5ab035d227fcf973ac703669,0xc5fe0acb18a5a067aea1eb69f3aa37272a6120fb3fed0b96dce4ddcb6546ff82
yearn_vault_v3,update_debt_increase,mixed,solc-0.8.36-legacy-200,True,True,True,151796,5149881,0x4aea705195ae588d186e9fb2c4576cc7b941dbcd37e01277616003d883125bb7,0x95070b1a2ad4f1b06ccde8044672f34c4642aa5c5ab035d227fcf973ac703669,0xc5fe0acb18a5a067aea1eb69f3aa37272a6120fb3fed0b96dce4ddcb6546ff82
yearn_vault_v3,update_debt_increase,mixed,solc-0.8.36-viair-200,True,True,True,152846,5810068,0x4aea705195ae588d186e9fb2c4576cc7b941dbcd37e01277616003d883125bb7,0x95070b1a2ad4f1b06ccde8044672f34c4642aa5c5ab035d227fcf973ac703669,0xc5fe0acb18a5a067aea1eb69f3aa37272a6120fb3fed0b96dce4ddcb6546ff82
yearn_vault_v3,update_debt_respects_minimum_idle,mixed,solar-gas-200,True,True,True,149070,4554651,0x8a8bd6a7e72cd127594240acdb9abbfe5ffac7d572ef71cc63b16fef0dad28de,0x5969ab32f8eb7e654865188c1617a0c47f8adf2f8346200c00cc374b2cf24477,0xb35cda2ec3df0ad3ef5f9121170b2ee2264181d6baf599052e1c16535baee00c
yearn_vault_v3,update_debt_respects_minimum_idle,mixed,solar-size-1,True,True,True,150596,4637790,0x8a8bd6a7e72cd127594240acdb9abbfe5ffac7d572ef71cc63b16fef0dad28de,0x5969ab32f8eb7e654865188c1617a0c47f8adf2f8346200c00cc374b2cf24477,0xb35cda2ec3df0ad3ef5f9121170b2ee2264181d6baf599052e1c16535baee00c
yearn_vault_v3,update_debt_respects_minimum_idle,mixed,solc-0.8.36-legacy-200,True,True,True,149803,5149881,0x8a8bd6a7e72cd127594240acdb9abbfe5ffac7d572ef71cc63b16fef0dad28de,0x5969ab32f8eb7e654865188c1617a0c47f8adf2f8346200c00cc374b2cf24477,0xb35cda2ec3df0ad3ef5f9121170b2ee2264181d6baf599052e1c16535baee00c
yearn_vault_v3,update_debt_respects_minimum_idle,mixed,solc-0.8.36-viair-200,True,True,True,150865,5810068,0x8a8bd6a7e72cd127594240acdb9abbfe5ffac7d572ef71cc63b16fef0dad28de,0x5969ab32f8eb7e654865188c1617a0c47f8adf2f8346200c00cc374b2cf24477,0xb35cda2ec3df0ad3ef5f9121170b2ee2264181d6baf599052e1c16535baee00c
yearn_vault_v3,update_max_debt_for_strategy,warm,solar-gas-200,True,True,True,23236,4554651,0xc5d2460186f7233c927e7db2dcc703c0e500b653ca82273b7bfad8045d85a470,0x7f1e29106ffd2fdf263f24e3e9f39a43daa37cef25c0e2afc8aee2536e55881c,0x6892e72ecb486c3ffa93f579afb4eff3f584277fed23252b488f273ee2388d10
yearn_vault_v3,update_max_debt_for_strategy,warm,solar-size-1,True,True,True,24353,4637790,0xc5d2460186f7233c927e7db2dcc703c0e500b653ca82273b7bfad8045d85a470,0x7f1e29106ffd2fdf263f24e3e9f39a43daa37cef25c0e2afc8aee2536e55881c,0x6892e72ecb486c3ffa93f579afb4eff3f584277fed23252b488f273ee2388d10
yearn_vault_v3,update_max_debt_for_strategy,warm,solc-0.8.36-legacy-200,True,True,True,23215,5149881,0xc5d2460186f7233c927e7db2dcc703c0e500b653ca82273b7bfad8045d85a470,0x7f1e29106ffd2fdf263f24e3e9f39a43daa37cef25c0e2afc8aee2536e55881c,0x6892e72ecb486c3ffa93f579afb4eff3f584277fed23252b488f273ee2388d10
yearn_vault_v3,update_max_debt_for_strategy,warm,solc-0.8.36-viair-200,True,True,True,24292,5810068,0xc5d2460186f7233c927e7db2dcc703c0e500b653ca82273b7bfad8045d85a470,0x7f1e29106ffd2fdf263f24e3e9f39a43daa37cef25c0e2afc8aee2536e55881c,0x6892e72ecb486c3ffa93f579afb4eff3f584277fed23252b488f273ee2388d10
yearn_vault_v3,withdraw_default_max_loss,mixed,solar-gas-200,True,True,True,15478,4554651,0x3e36754e793c97a169c03e739774fb60ca849223a1ec044047a649e4cc9ff569,0x260fabee685c88f116123eab485f4877542c47a92145cae66143478fdb23549e,0x44b3dc932719694042ce32905741f353a3fe4cc93df85d5a9bfe7ecb188554e7
yearn_vault_v3,withdraw_default_max_loss,mixed,solar-size-1,True,True,True,16944,4637790,0x3e36754e793c97a169c03e739774fb60ca849223a1ec044047a649e4cc9ff569,0x260fabee685c88f116123eab485f4877542c47a92145cae66143478fdb23549e,0x44b3dc932719694042ce32905741f353a3fe4cc93df85d5a9bfe7ecb188554e7
yearn_vault_v3,withdraw_default_max_loss,mixed,solc-0.8.36-legacy-200,True,True,True,15809,5149881,0x3e36754e793c97a169c03e739774fb60ca849223a1ec044047a649e4cc9ff569,0x260fabee685c88f116123eab485f4877542c47a92145cae66143478fdb23549e,0x44b3dc932719694042ce32905741f353a3fe4cc93df85d5a9bfe7ecb188554e7
yearn_vault_v3,withdraw_default_max_loss,mixed,solc-0.8.36-viair-200,True,True,True,16522,5810068,0x3e36754e793c97a169c03e739774fb60ca849223a1ec044047a649e4cc9ff569,0x260fabee685c88f116123eab485f4877542c47a92145cae66143478fdb23549e,0x44b3dc932719694042ce32905741f353a3fe4cc93df85d5a9bfe7ecb188554e7
yearn_vault_v3,withdraw_idle,mixed,solar-gas-200,True,True,True,15363,4554651,0x3e36754e793c97a169c03e739774fb60ca849223a1ec044047a649e4cc9ff569,0x260fabee685c88f116123eab485f4877542c47a92145cae66143478fdb23549e,0x44b3dc932719694042ce32905741f353a3fe4cc93df85d5a9bfe7ecb188554e7
yearn_vault_v3,withdraw_idle,mixed,solar-size-1,True,True,True,16823,4637790,0x3e36754e793c97a169c03e739774fb60ca849223a1ec044047a649e4cc9ff569,0x260fabee685c88f116123eab485f4877542c47a92145cae66143478fdb23549e,0x44b3dc932719694042ce32905741f353a3fe4cc93df85d5a9bfe7ecb188554e7
yearn_vault_v3,withdraw_idle,mixed,solc-0.8.36-legacy-200,True,True,True,15846,5149881,0x3e36754e793c97a169c03e739774fb60ca849223a1ec044047a649e4cc9ff569,0x260fabee685c88f116123eab485f4877542c47a92145cae66143478fdb23549e,0x44b3dc932719694042ce32905741f353a3fe4cc93df85d5a9bfe7ecb188554e7
yearn_vault_v3,withdraw_idle,mixed,solc-0.8.36-viair-200,True,True,True,16473,5810068,0x3e36754e793c97a169c03e739774fb60ca849223a1ec044047a649e4cc9ff569,0x260fabee685c88f116123eab485f4877542c47a92145cae66143478fdb23549e,0x44b3dc932719694042ce32905741f353a3fe4cc93df85d5a9bfe7ecb188554e7
yearn_vault_v3,withdraw_limit_module,mixed,solar-gas-200,True,True,True,15306,4554651,0x3e36754e793c97a169c03e739774fb60ca849223a1ec044047a649e4cc9ff569,0x556e3d286d3b54f47d4615ad5fbba33cabb893937c3af2ea5e7a34c72dfb9b83,0x44b3dc932719694042ce32905741f353a3fe4cc93df85d5a9bfe7ecb188554e7
yearn_vault_v3,withdraw_limit_module,mixed,solar-size-1,True,True,True,16801,4637790,0x3e36754e793c97a169c03e739774fb60ca849223a1ec044047a649e4cc9ff569,0x556e3d286d3b54f47d4615ad5fbba33cabb893937c3af2ea5e7a34c72dfb9b83,0x44b3dc932719694042ce32905741f353a3fe4cc93df85d5a9bfe7ecb188554e7
yearn_vault_v3,withdraw_limit_module,mixed,solc-0.8.36-legacy-200,True,True,True,15910,5149881,0x3e36754e793c97a169c03e739774fb60ca849223a1ec044047a649e4cc9ff569,0x556e3d286d3b54f47d4615ad5fbba33cabb893937c3af2ea5e7a34c72dfb9b83,0x44b3dc932719694042ce32905741f353a3fe4cc93df85d5a9bfe7ecb188554e7
yearn_vault_v3,withdraw_limit_module,mixed,solc-0.8.36-viair-200,True,True,True,16452,5810068,0x3e36754e793c97a169c03e739774fb60ca849223a1ec044047a649e4cc9ff569,0x556e3d286d3b54f47d4615ad5fbba33cabb893937c3af2ea5e7a34c72dfb9b83,0x44b3dc932719694042ce32905741f353a3fe4cc93df85d5a9bfe7ecb188554e7
yearn_vault_v3,withdraw_limited_strategy_redeem,mixed,solar-gas-200,True,True,True,38568,4554651,0xdcc35968621a07fe52bc5a947c4c60557e2826bcf49ab5a1bdcf30821fbc4d46,0x62e5d3e0903c5fa495c83601edcc9f5c47c27d613bc1f69ac6c74b0022aea2bd,0x0687b29465f0c5da1691092d939ccf48a986568e51ebecb9887b96833166688f
yearn_vault_v3,withdraw_limited_strategy_redeem,mixed,solar-size-1,True,True,True,40482,4637790,0xdcc35968621a07fe52bc5a947c4c60557e2826bcf49ab5a1bdcf30821fbc4d46,0x62e5d3e0903c5fa495c83601edcc9f5c47c27d613bc1f69ac6c74b0022aea2bd,0x0687b29465f0c5da1691092d939ccf48a986568e51ebecb9887b96833166688f
yearn_vault_v3,withdraw_limited_strategy_redeem,mixed,solc-0.8.36-legacy-200,True,True,True,40381,5149881,0xdcc35968621a07fe52bc5a947c4c60557e2826bcf49ab5a1bdcf30821fbc4d46,0x62e5d3e0903c5fa495c83601edcc9f5c47c27d613bc1f69ac6c74b0022aea2bd,0x0687b29465f0c5da1691092d939ccf48a986568e51ebecb9887b96833166688f
yearn_vault_v3,withdraw_limited_strategy_redeem,mixed,solc-0.8.36-viair-200,True,True,True,41447,5810068,0xdcc35968621a07fe52bc5a947c4c60557e2826bcf49ab5a1bdcf30821fbc4d46,0x62e5d3e0903c5fa495c83601edcc9f5c47c27d613bc1f69ac6c74b0022aea2bd,0x0687b29465f0c5da1691092d939ccf48a986568e51ebecb9887b96833166688f
